city,state,zipcode,address,scan_date
Sylvan Springs,AL,35118,"5704 Birmingport Rd, Sylvan Springs, AL 35118",2022-11-09 18:03:43
Birmingham,AL,35235,"5915 Trussville Crossings Pkwy, Birmingham, AL 35235",2022-11-09 18:03:43
Birmingham,AL,35205,"1427 14th Ave S, Birmingham, AL 35205",2022-11-09 18:03:43
Bessemer,AL,35020,"501 West Town Plaza, Bessemer, AL 35020",2022-11-09 18:03:43
Guntersville,AL,35976,"12383 U.S. 431, Guntersville, AL 35976",2022-11-09 18:03:43
Alabaster,AL,35007,"245 S. Colonial Drive, Alabaster, AL 35007",2022-11-09 18:03:43
Arab,AL,35016,"2312 N Brindlee Mtn Pkway, Arab, AL 35016",2022-11-09 18:03:43
Birmingham,AL,35204,"541-B Graymont Ave, Birmingham, AL 35204",2022-11-09 18:03:43
Birmingham,AL,35215,"9870 Parkway East, Birmingham, AL 35215",2022-11-09 18:03:43
Birmingham,AL,35203,"719 5th Avenue North, Birmingham, AL 35203",2022-11-09 18:03:43
Hoover,AL,35216,"3321 Lorna Rd, Hoover, AL 35216",2022-11-09 18:03:43
Birmingham,AL,35205,"1207 20th St S, Birmingham, AL 35205",2022-11-09 18:03:43
Birmingham,AL,35234,"2520 12th Ave. N, Birmingham, AL 35234",2022-11-09 18:03:43
Sardis City,AL,35956,"12982 U.S. 431, Sardis City, AL 35956",2022-11-09 18:03:43
Dothan,AL,36303,"3320 Montgomery Highway, Dothan, AL 36303",2022-11-09 18:03:43
Birmingham,AL,35215,"1671 Center Point Pkwy Suite 113, Birmingham, AL 35215",2022-11-09 18:03:43
Hueytown,AL,35023,"3064 Warrior River Road, Hueytown, AL 35023",2022-11-09 18:03:43
Fultondale,AL,35068,"1709 Fulton Rd, Fultondale, AL 35068",2022-11-09 18:03:43
Hoover,AL,35226,"2341 John Hawkins Parkway, Suite 117, Hoover, AL 35226",2022-11-09 18:03:43
Birmingham,AL,35209,"22 Green Springs Highway, Birmingham, AL 35209",2022-11-09 18:03:43
Dolomite,AL,35061,"794 Allison-Bonnett Memorial Drive, Dolomite, AL 35061",2022-11-09 18:03:43
Birmingham,AL,35213,"7001 Crestwood Blvd, Ste 114, Birmingham, AL 35213",2022-11-09 18:03:43
Gadsden,AL,35904,"1724 W. Grand Ave., Gadsden, AL 35904",2022-11-09 18:03:43
Guntersville,AL,35976,"11635 Us Highway 431, Guntersville, AL 35976",2022-11-09 18:03:43
Hoover,AL,35244,"2000 Riverchase Galleria, 158, Hoover, AL 35244",2022-11-09 18:03:43
Birmingham,AL,35215,"4817 Pinson Valley Pkwy, Birmingham, AL 35215",2022-11-09 18:03:43
Hoover,AL,35244,"3020 John Hawkins Pkwy, Hoover, AL 35244",2022-11-09 18:03:43
Trussville,AL,35235,"5947 Chalkville Mountain Rd, Trussville, AL 35235",2022-11-09 18:03:43
Hoover,AL,35244,"1851 Montgomery Highway Suites 107, 109 And 111, Hoover, AL 35244",2022-11-09 18:03:43
Birmingham,AL,35005,"2247 Pelham Pky, Birmingham, AL 35005",2022-11-09 18:03:43
Boaz,AL,35957,"10850 Alabama 168, Boaz, AL 35957",2022-11-09 18:03:43
Gadsden,AL,35901,"1725 Rainbow Drive, Gadsden, AL 35901",2022-11-09 18:03:43
Brighton,AL,35020,"3633 Jaybird Rd, Brighton, AL 35020",2022-11-09 18:03:43
Dothan,AL,36301,"2190 Ross Clark Circle, Dothan, AL 36301",2022-11-09 18:03:43
Mountain Brook Village,AL,35223,"2612  Lane Park Road, Mountain Brook Village, AL 35223",2022-11-09 18:03:43
Hoover,AL,35216,"485 Southland Drive, Hoover, AL 35216",2022-11-09 18:03:43
Dothan,AL,36303,"220 East Powell Street, Dothan, AL 36303",2022-11-09 18:03:43
996 Forestdale Blvd,AL,35214,"996 Forestdale Blvd, AL 35214",2022-11-09 18:03:43
Albertville,AL,35950,"8835 Us Hwy 431, Albertville, AL 35950",2022-11-09 18:03:43
3300 Pelham Pkwy,AL,35124,"3300 Pelham Pkwy, AL 35124",2022-11-09 18:03:43
Homewood,AL,35209,"808 Green Springs Highway, Homewood, AL 35209",2022-11-09 18:03:43
254 S College St Gadsden AL 35901,254,S,254 S College St Gadsden AL 35901,2022-11-09 18:03:43
Gadsden,AL,35901,"529 Broad Street, Gadsden, AL 35901",2022-11-09 18:03:43
Birmingham,AL,35173,"5029 Pinnacle Square, Birmingham, AL 35173",2022-11-09 18:03:43
Alabaster,AL,35007,"1114 1st Street North, Suite 300, Alabaster, AL 35007",2022-11-09 18:03:43
Trussville,AL,35173,"312 Main St, Trussville, AL 35173",2022-11-09 18:03:43
Pinson,AL,35126,"4655 Center Point Road, Pinson, AL 35126",2022-11-09 18:03:43
Gadsden,AL,35903,"354 East Meighan Blvd, Gadsden, AL 35903",2022-11-09 18:03:43
Dothan,AL,36301,"3050 Ross Clark Circle S.W., Dothan, AL 36301",2022-11-09 18:03:43
Hueytown,AL,35023,"219 Forrest Road, Hueytown, AL 35023",2022-11-09 18:03:43
Hoover,AL,35244,"2780 John Hawkins Parkway, Hoover, AL 35244",2022-11-09 18:03:43
Birmingham,AL,35235,"5915 Trussville Crossings Parkway, Birmingham, AL 35235",2022-11-09 18:03:43
2834 Pelham Pkwy,AL,35124,"2834 Pelham Pkwy, AL 35124",2022-11-09 18:03:43
Bayou La Batre,AL,36509,"13876 S Wintzell Ave, Bayou La Batre, AL 36509",2022-11-09 18:03:43
Birmingham,AL,35233,"2201 2nd Ave S, Birmingham, AL 35233",2022-11-09 18:03:43
Birmingham,AL,35206,"8601 1st Avenue North, Birmingham, AL 35206",2022-11-09 18:03:43
Hueytown,AL,35023,"258 Forest Rd, Hueytown, AL 35023",2022-11-09 18:03:43
Alabaster,AL,35007,"438 1st Street Southwest, Alabaster, AL 35007",2022-11-09 18:03:43
Birmingham,AL,35233,"2201 2nd Ave S Suite 105,, Birmingham, AL 35233",2022-11-09 18:03:43
Gadsden,AL,35901,"917 Rainbow Drive, Gadsden, AL 35901",2022-11-09 18:03:43
Alabaster,AL,35007,"1100 1st Street South, Alabaster, AL 35007",2022-11-09 18:03:43
Birmingham,AL,35214,"1620 Forestdale Boulevard, Birmingham, AL 35214",2022-11-09 18:03:43
Birmingham,AL,35211,"1800 24th St Sw, Birmingham, AL 35211",2022-11-09 18:03:43
Toney,AL,35773,"8003 Highway 53, Toney, AL 35773",2022-11-09 18:03:43
Dothan,AL,36303-2160,"3083 Montgomery Highway, Dothan, AL 36303-2160",2022-11-09 18:03:43
Birmingham,AL,35235,"1483 Gadsden Hwy #1312, Birmingham, AL 35235",2022-11-09 18:03:43
BIRMINGHAM,AL,35214,"1309 Forestdale Blvd, BIRMINGHAM, AL 35214",2022-11-09 18:03:43
Birmingham,AL,35203,"1819 5th Avenue North, Birmingham, AL 35203",2022-11-09 18:03:43
Homewood,AL,35209,"1830 29th Ave S, Homewood, AL 35209",2022-11-09 18:03:43
Pelham,AL,35124,"400 Cahaba Valley Rd, Pelham, AL 35124",2022-11-09 18:03:43
Birmingham,AL,35203,"1928 1st Avenue North, Birmingham, AL 35203",2022-11-09 18:03:43
Birmingham,AL,35215,"Roebuck Parkway East & Red Lane Rd, Birmingham, AL 35215",2022-11-09 18:03:43
Birmingham,AL,35218,"2501 Avenue E, Birmingham, AL 35218",2022-11-09 18:03:43
Birmingham,AL,35204,"512 Reverend Abraham Woods Jr Blvd, Birmingham, AL 35204",2022-11-09 18:03:43
Hueytown,AL,35023,"917 Allison-Bonnett Memorial Dr, Hueytown, AL 35023",2022-11-09 18:03:43
Birmingham,AL,35203,"207a 20th St N, Birmingham, AL 35203",2022-11-09 18:03:43
Albertville,AL,35950,"7448 Us Hwy 431, Albertville, AL 35950",2022-11-09 18:03:43
Center Point,AL,35215,"100 20th Ave Ne, Center Point, AL 35215",2022-11-09 18:03:43
Oxford,AL,36203,"20 Commons Way, Oxford, AL 36203",2022-11-09 18:03:43
Trussville,AL,35173,"4643 Camp Coleman Rd Ste 105, Trussville, AL 35173",2022-11-09 18:03:43
Dothan,AL,36301,"2236 Ross Clark Circle Sw, Dothan, AL 36301",2022-11-09 18:03:43
425 Helena Market Place,AL,35080,"425 Helena Market Place, AL 35080",2022-11-09 18:03:43
Dothan,AL,36301,"184 S Oates St, Dothan, AL 36301",2022-11-09 18:03:43
Birmingham,AL,35209,"166 W Valley Ave, Birmingham, AL 35209",2022-11-09 18:03:43
Trussville,AL,35173,"5078 Pinnacle Sq, Trussville, AL 35173",2022-11-09 18:03:43
Birmingham,AL,35233,"1801 4th Ave S, Birmingham, AL 35233",2022-11-09 18:03:43
Arab,AL,35016,"554 N Brindlee Mountain Pkwy, Arab, AL 35016",2022-11-09 18:03:43
Birmingham,AL,35203,"2125 2nd Ave N, Birmingham, AL 35203",2022-11-09 18:03:43
2000 Pelham Parkway,AL,35244,"2000 Pelham Parkway, AL 35244",2022-11-09 18:03:43
Fultondale,AL,35068,"1600 Main St, Fultondale, AL 35068",2022-11-09 18:03:43
Birmingham,AL,35222,"4414 4th Ave 5, Birmingham, AL 35222",2022-11-09 18:03:43
Birmingham,AL,35235,"3720 Mary Taylor Road, Birmingham, AL 35235",2022-11-09 18:03:43
Hueytown,AL,35023,"275 Forest Rd, Hueytown, AL 35023",2022-11-09 18:03:43
Hoover,AL,35244,"2943 John Hawkins Pkwy, Hoover, AL 35244",2022-11-09 18:03:43
Hoover,AL,35244,"3000 Riverchase Galleria Space E, Hoover, AL 35244",2022-11-09 18:03:43
Hoover,AL,35244,"181 Main St, Hoover, AL 35244",2022-11-09 18:03:43
Alabaster,AL,35007,"140 Market Center Drive, Alabaster, AL 35007",2022-11-09 18:03:43
Birmingham,AL,35209,"932 Oxmoor Rd, Birmingham, AL 35209",2022-11-09 18:03:43
Hoover,AL,35244,"2657 Valleydale Rd, Hoover, AL 35244",2022-11-09 18:03:43
Birmingham,AL,35233,"1801 4th Avenue South, Ste 115, Birmingham, AL 35233",2022-11-09 18:03:43
Rainbow City,AL,35906,"3506 Rainbow Drive, Rainbow City, AL 35906",2022-11-09 18:03:43
Trussville,AL,35235,"5974 Chalkville Mountain Road, Trussville, AL 35235",2022-11-09 18:03:43
Birmingham,AL,35235,"2050 Gadsden Highway, Suite 100, Birmingham, AL 35235",2022-11-09 18:03:43
Anniston,AL,36206,"4 East 43rd Street, Anniston, AL 36206",2022-11-09 18:03:43
Attalla,AL,35954,"701 Gilbert Ferry Road Southeast, Attalla, AL 35954",2022-11-09 18:03:43
Birmingham,AL,35215,"1653 Center Point Road, Birmingham, AL 35215",2022-11-09 18:03:43
Dothan,AL,36303,"3431 Ross Clark Circle, Dothan, AL 36303",2022-11-09 18:03:43
Mobile,AL,36619,"5452 U.S. 90, Mobile, AL 36619",2022-11-09 18:03:43
Vestavia Hills,AL,35243,"2531 Rocky Ridge Rd, Vestavia Hills, AL 35243",2022-11-09 18:03:43
Birmingham,AL,35209,"2101 Richard Arrington Jr Blvd S, Birmingham, AL 35209",2022-11-09 18:03:43
BIRMINGHAM,AL,35210,"1632 Montclair Road, Suite 500, BIRMINGHAM, AL 35210",2022-11-09 18:03:43
Hoover,AL,35244,"3032 John Hawkins Parkway, 130, Hoover, AL 35244",2022-11-09 18:03:43
Birmingham,AL,35208,"1371 Bessemer Road, Birmingham, AL 35208",2022-11-09 18:03:43
Birmingham,AL,35205,"1024 20th Street South Unit 101, Birmingham, AL 35205",2022-11-09 18:03:43
Dothan,AL,36303,"1550 Westgate Pkwy Suite 1,2,3, Dothan, AL 36303",2022-11-09 18:03:43
Birmingham,AL,35215,"9345 Parkway E, Birmingham, AL 35215",2022-11-09 18:03:43
Trussville,AL,35235,"1880 Gadsden Hwy, Trussville, AL 35235",2022-11-09 18:03:43
Dothan,AL,36301,"2115 East Main St, Suite 8, Dothan, AL 36301",2022-11-09 18:03:43
Alabaster,AL,35007,"750 Colonial Promenade Parkway, Suite 5200, Alabaster, AL 35007",2022-11-09 18:03:43
Birmingham,AL,35233,"514 16th Street South, Birmingham, AL 35233",2022-11-09 18:03:43
Birmingham,AL,35208,"2231 Bessemer Rd, Birmingham, AL 35208",2022-11-09 18:03:43
Alabaster,AL,35007,"780 Colonial Promenade Pkwy, Alabaster, AL 35007",2022-11-09 18:03:43
Birmingham,AL,35243,"216 Summit Blvd Ste 135, Birmingham, AL 35243",2022-11-09 18:03:43
Birmingham,AL,35207,"224 Daniel Payne Drive, Birmingham, AL 35207",2022-11-09 18:03:43
Pinson,AL,35126,"4701 Center Point Road, Pinson, AL 35126",2022-11-09 18:03:43
Birmingham,AL,35233,"1801 4th Ave S, Birmingham, AL 35233",2022-11-09 18:03:43
Birmingham,AL,35242,"601 Doug Baker Blvd, 101, Birmingham, AL 35242",2022-11-09 18:03:43
Dothan,AL,36303,"3850 West Main Street , Unit 402, Dothan, AL 36303",2022-11-09 18:03:43
Birmingham,AL,35205,"208 Green Springs Avenue South, Birmingham, AL 35205",2022-11-09 18:03:43
2000 Center Point Parkway Center Point,AL,nan,"2000 Center Point Parkway Center Point, AL",2022-11-09 18:03:43
Birmingham,AL,35244,"2312 John Hawkins Parkway, Birmingham, AL 35244",2022-11-09 18:03:43
Dothan,AL,36301,"1111 Ross Clark Circle, Dothan, AL 36301",2022-11-09 18:03:43
Trussville,AL,35173,"7268 Gadsden Highway, Trussville, AL 35173",2022-11-09 18:03:43
Bessemer,AL,35020,"1732 15th St N, Bessemer, AL 35020",2022-11-09 18:03:43
Rainbow City,AL,35906,"3333 Rainbow Drive, Rainbow City, AL 35906",2022-11-09 18:03:43
Bessemer,AL,35020,"1518 9th Ave N Ste 120, Bessemer, AL 35020",2022-11-09 18:03:43
Gadsden,AL,35903,"508 E Meighan Blvd, Gadsden, AL 35903",2022-11-09 18:03:43
Birmingham,AL,35216,"500 Old Town Rd, Birmingham, AL 35216",2022-11-09 18:03:43
Alabaster,AL,35007,"1207 1st Street North, Alabaster, AL 35007",2022-11-09 18:03:43
Birmingham,AL,35203,"1623 2nd Avenue North , Suite B, Birmingham, AL 35203",2022-11-09 18:03:43
Hoover,AL,35226,"1580 Montgomery Highway, Hoover, AL 35226",2022-11-09 18:03:43
Birmingham,AL,35233,"401 19th St S, Birmingham, AL 35233",2022-11-09 18:03:43
Pelham,AL,35124,"360 Cahaba Valley Road, Pelham, AL 35124",2022-11-09 18:03:43
Birmingham,AL,35214,"1484 Forestdale Blvd, Birmingham, AL 35214",2022-11-09 18:03:43
Gadsden,AL,35904,"2525 Forrest Avenue, Gadsden, AL 35904",2022-11-09 18:03:43
Birmingham,AL,35205,"1218 20th Street South, Birmingham, AL 35205",2022-11-09 18:03:43
Alabaster,AL,35007,"634 1st St N, Alabaster, AL 35007",2022-11-09 18:03:43
Birmingham,AL,35209,"828 Green Springs Highway, Birmingham, AL 35209",2022-11-09 18:03:43
Hoover,AL,35226,"616 Preserve Pkwy, Hoover, AL 35226",2022-11-09 18:03:43
2556 Helena Road Suite A,AL,35080,"2556 Helena Road Suite A, AL 35080",2022-11-09 18:03:43
Birmingham,AL,35233,"1801 4th Avenue South , Suite 103, Birmingham, AL 35233",2022-11-09 18:03:43
Birmingham,AL,35203,"2268 9th Ave N, Birmingham, AL 35203",2022-11-09 18:03:43
Birmingham,AL,35235,"1905 Edwards Lake Road, Birmingham, AL 35235",2022-11-09 18:03:43
Birmingham,AL,35216,"3659 Lorna Rd, Birmingham, AL 35216",2022-11-09 18:03:43
Albertville,AL,35950,"7375 Hwy 431, Albertville, AL 35950",2022-11-09 18:03:43
Fultondale,AL,35068,"3345 Lowery Pkwy, Fultondale, AL 35068",2022-11-09 18:03:43
Birmingham,AL,35209,"384 Palisades Blvd, Birmingham, AL 35209",2022-11-09 18:03:43
Alabaster,AL,35007,"411 1st St N, Alabaster, AL 35007",2022-11-09 18:03:43
Alexander City,AL,35010,"4097 Us Highway 280, Alexander City, AL 35010",2022-11-09 18:03:43
Pelham,AL,35124,"630 Cahaba Valley Road, Pelham, AL 35124",2022-11-09 18:03:43
Ashford,AL,36312,"425 North Broadway Street, Ashford, AL 36312",2022-11-09 18:03:43
2751 AL,2751,AL,2751 AL,2022-11-09 18:03:43
Dothan,AL,36301,"1801 Ross Clark Cir, Dothan, AL 36301",2022-11-09 18:03:43
Birmingham,AL,35208,"1371 Bessemer Rd, Birmingham, AL 35208",2022-11-09 18:03:43
Vestavia Hills,AL,35216,"708 Montgomery Highway Suite 116, Vestavia Hills, AL 35216",2022-11-09 18:03:43
Adamsville,AL,35005,"5701 Veterans Memorial Drive, Adamsville, AL 35005",2022-11-09 18:03:43
Pleasant Grove,AL,35127,"833 Park Road, Pleasant Grove, AL 35127",2022-11-09 18:03:43
Bessemer,AL,35022,"5000 Bond Boulevard, Bessemer, AL 35022",2022-11-09 18:03:43
Center Point,AL,35215,"1550 Huffman Road, Center Point, AL 35215",2022-11-09 18:03:43
Ashford,AL,36312,"411 North Broadway Street, Ashford, AL 36312",2022-11-09 18:03:43
Hoover,AL,35244,"2760 John Hawkins Parkway, Hoover, AL 35244",2022-11-09 18:03:43
Homewood,AL,35209,"808 Green Springs Highway, Homewood, AL 35209",2022-11-09 18:03:43
Hoover,AL,35216,"3447 Lorna Road, Hoover, AL 35216",2022-11-09 18:03:43
Hueytown,AL,35023,"148 Brooklane Drive, Hueytown, AL 35023",2022-11-09 18:03:43
Boaz,AL,35956,"13026 Us-431, Boaz, AL 35956",2022-11-09 18:03:43
Ashford,AL,36312,"429 North Broadway Street, Ashford, AL 36312",2022-11-09 18:03:43
Birmingham,AL,35203,"1821 2nd Ave N # 170,, Birmingham, AL 35203",2022-11-09 18:03:43
Ashford,AL,36312,"301 Midland Street, Ashford, AL 36312",2022-11-09 18:03:43
Hoover,AL,35216,"1678 Montgomery Hwy, Hoover, AL 35216",2022-11-09 18:03:43
Hoover,AL,35244,"4730 Chace Lake Circle, Suite 128, Hoover, AL 35244",2022-11-09 18:03:43
Birmingham,AL,35205,"810 Saint Vincents Drive, Birmingham, AL 35205",2022-11-09 18:03:43
Birmingham,AL,35235,"5029 Pinnacle Square, Birmingham, AL 35235",2022-11-09 18:03:43
Birmingham,AL,35209,"208 State Farm Pkwy, Birmingham, AL 35209",2022-11-09 18:03:43
Birmingham,AL,35205,"801 20th St S, Birmingham, AL 35205",2022-11-09 18:03:43
Birmingham,AL,35203,"2105 Richard Arrington Blvd N, Birmingham, AL 35203",2022-11-09 18:03:43
Mountain Brook,AL,35223,"1081 Jemison Lane, Mountain Brook, AL 35223",2022-11-09 18:03:43
Homewood,AL,35209,"306 Oxmoor Road, Homewood, AL 35209",2022-11-09 18:03:43
Bayou La Batre,AL,36509,"14060 S Wintzell Ave, Bayou La Batre, AL 36509",2022-11-09 18:03:43
Birmingham,AL,35203,"321 17th St N, Birmingham, AL 35203",2022-11-09 18:03:43
Vestavia Hills,AL,35243,"3056 Healthy Way Ste 140, Vestavia Hills, AL 35243",2022-11-09 18:03:43
Gadsden,AL,35903,"198 E Meighan Blvd, Gadsden, AL 35903",2022-11-09 18:03:43
Hoover,AL,35244,"1024 Marble Ter Ste 102, Hoover, AL 35244",2022-11-09 18:03:43
Birmingham,AL,35212,"7 55th Place South, Birmingham, AL 35212",2022-11-09 18:03:43
Bessemer,AL,35020,"10 14th Street, Bessemer, AL 35020",2022-11-09 18:03:43
Birmingham,AL,35214,"1450 Beauty Cir, Birmingham, AL 35214",2022-11-09 18:03:43
3321 Lorna Rd Birmingham AL 35216,3321,Lorna,3321 Lorna Rd Birmingham AL 35216,2022-11-09 18:03:43
Dothan,AL,36301,"1865 East Main Street, Dothan, AL 36301",2022-11-09 18:03:43
Birmingham,AL,35204,"1137 Arkadelphia Road, Birmingham, AL 35204",2022-11-09 18:03:43
Alexander City,AL,35010,"3140 Highway 280, Alexander City, AL 35010",2022-11-09 18:03:43
Jacksonville,AL,36265,"1611 Pelham Road S., Jacksonville, AL 36265",2022-11-09 18:03:43
Birmingham,AL,35233,"2700 University Blvd, Birmingham, AL 35233",2022-11-09 18:03:43
Homewood,AL,35209,"225 State Farm Parkway , Suite 101, Homewood, AL 35209",2022-11-09 18:03:43
Bessemer,AL,35023,"242 Forest Road, Bessemer, AL 35023",2022-11-09 18:03:43
Birmingham,AL,35209,"1926 28th Ave. South, Birmingham, AL 35209",2022-11-09 18:03:43
HUEYTOWN,AL,35040,"3018 Allison Bonnett Drive, HUEYTOWN, AL 35040",2022-11-09 18:03:43
Moody,AL,35004,"2030 Village Drive, Moody, AL 35004",2022-11-09 18:03:43
Hoover,AL,35216,"1553 Montgomery Highway, Hoover, AL 35216",2022-11-09 18:03:43
Hueytown,AL,35023,"2510 19th Street North, Hueytown, AL 35023",2022-11-09 18:03:43
3083 Montgomery Highway Dothan,AL,nan,"3083 Montgomery Highway Dothan, AL",2022-11-09 18:03:43
Rainbow City,AL,35906,"70 Whorton Bend Road, Rainbow City, AL 35906",2022-11-09 18:03:43
Attalla,AL,35954,"608 5th Ave Ne, Attalla, AL 35954",2022-11-09 18:03:43
Helena,AL,35080,"2693 County Road 95, Helena, AL 35080",2022-11-09 18:03:43
Bessemer,AL,35022,"4863 Promenade Pkwy Suite 910, Bessemer, AL 35022",2022-11-09 18:03:43
Dothan,AL,36301,"2004 Ross Clark Circle, Dothan, AL 36301",2022-11-09 18:03:43
Birmingham,AL,35213,"7001 Crestwood Boulevard, 606, Birmingham, AL 35213",2022-11-09 18:03:43
Birmingham,AL,35173,"5083 Pinnacle Sq, Birmingham, AL 35173",2022-11-09 18:03:43
Birmingham,AL,35242,"270 Doug Baker Blvd, Birmingham, AL 35242",2022-11-09 18:03:43
Hoover,AL,35226,"3435 South Shades Crest Road, Hoover, AL 35226",2022-11-09 18:03:43
Trussville,AL,35235,"1420 Gadsden Hwy, Trussville, AL 35235",2022-11-09 18:03:43
Birmingham,AL,35173,"3525 Roosevelt Blvd, Birmingham, AL 35173",2022-11-09 18:03:43
Birmingham,AL,35209,"2707 18th St S, Birmingham, AL 35209",2022-11-09 18:03:43
Albertville,AL,35950,"128 Alabama Highway 75, Albertville, AL 35950",2022-11-09 18:03:43
Birmingham,AL,35208,"2149 Bessemer Rd, Birmingham, AL 35208",2022-11-09 18:03:43
Birmingham,AL,35205,"1919 11th Ave South, Suite 200, Birmingham, AL 35205",2022-11-09 18:03:43
Birmingham,AL,35218,"1800 20th Street Ensley, Birmingham, AL 35218",2022-11-09 18:03:43
Dothan,AL,36303,"3120 Ross Clark Circle, Dothan, AL 36303",2022-11-09 18:03:43
Birmingham,AL,35244,"2000 Riverchase Galleria, Birmingham, AL 35244",2022-11-09 18:03:43
Adamsville,AL,35005,"14 Rex Ln, Adamsville, AL 35005",2022-11-09 18:03:43
Anniston,AL,36201,"1118 Noble Street, Anniston, AL 36201",2022-11-09 18:03:43
Birmingham,AL,35209,"1717 28th Ave S, Birmingham, AL 35209",2022-11-09 18:03:43
Guntersville,AL,35976,"3848 Alabama Highway 79 South, Guntersville, AL 35976",2022-11-09 18:03:43
Birmingham,AL,35208,"2246 Bessemer Road, Birmingham, AL 35208",2022-11-09 18:03:43
Irondale,AL,35210,"1600 Montclair Rd, Irondale, AL 35210",2022-11-09 18:03:43
Hoover,AL,35244,"2000 Riverchase Galleria, Hoover, AL 35244",2022-11-09 18:03:43
Dothan,AL,36303,"3421 Ross Clark Circle, Dothan, AL 36303",2022-11-09 18:03:43
Hoover,AL,35244,"2943 John Hawkins Pkwy, Hoover, AL 35244",2022-11-09 18:03:43
Dothan,AL,36303,"520 N Oates St, Dothan, AL 36303",2022-11-09 18:03:43
Helena,AL,35080,"778 2nd St,, Helena, AL 35080",2022-11-09 18:03:43
Alexandria,AL,36250,"18 Big Valley Road, Alexandria, AL 36250",2022-11-09 18:03:43
Birmingham,AL,35242,"3000 Meadow Lake Dr, Birmingham, AL 35242",2022-11-09 18:03:43
Birmingham,AL,35203,"1701 Morris Avenue, Birmingham, AL 35203",2022-11-09 18:03:43
Homewood,AL,35209,"406 W Valley Ave,, Homewood, AL 35209",2022-11-09 18:03:43
Birmingham,AL,35233,"2808 7th Avenue South, Unit 109, Birmingham, AL 35233",2022-11-09 18:03:43
Birmingham,AL,35205,"808 20th St S, Birmingham, AL 35205",2022-11-09 18:03:43
Birmingham,AL,35209,"2916 18th St S, Birmingham, AL 35209",2022-11-09 18:03:43
Hoover,AL,35244,"2760 John Hawkins Parkway #100, Hoover, AL 35244",2022-11-09 18:03:43
Birmingham,AL,35203,"1821 N 2nd Ave, Birmingham, AL 35203",2022-11-09 18:03:43
Birmingham,AL,35235,"1808 Gadsden Highway, Birmingham, AL 35235",2022-11-09 18:03:43
Homewood,AL,35209,"2701 18th Street South, Homewood, AL 35209",2022-11-09 18:03:43
Birmingham,AL,35215,"821 Windover Road, Birmingham, AL 35215",2022-11-09 18:03:43
Dothan,AL,36303,"1708 Westgate Pkwy, Dothan, AL 36303",2022-11-09 18:03:43
Hoover,AL,35244,"150 Main St, Hoover, AL 35244",2022-11-09 18:03:43
Birmingham,AL,35209,"1278 Oak Grove Road, Birmingham, AL 35209",2022-11-09 18:03:43
Birmingham,AL,35212,"5831 1st Avenue North, Birmingham, AL 35212",2022-11-09 18:03:43
Birmingham,AL,35243,"3419 Colonnade Pkwy #100, Birmingham, AL 35243",2022-11-09 18:03:43
Hueytown,AL,35023,"3102 Allison-Bonnett Memorial Dr, Hueytown, AL 35023",2022-11-09 18:03:43
Birmingham,AL,35216,"1615 Montgomery Hwy, 132, Birmingham, AL 35216",2022-11-09 18:03:43
Dothan,AL,36303,"144 N Foster Street, Dothan, AL 36303",2022-11-09 18:03:43
Dothan,AL,36301,"2777 W Main Street, Dothan, AL 36301",2022-11-09 18:03:43
Dothan,AL,36303,"3777 Montgomery Hwy, Dothan, AL 36303",2022-11-09 18:03:43
Birmingham,AL,35212,"4500 Richard Arrington Junior Boulevard North, Birmingham, AL 35212",2022-11-09 18:03:43
Alabaster,AL,35007,"345 South Colonial Dr, Alabaster, AL 35007",2022-11-09 18:03:43
Trussville,AL,35173,"4710 Norrell Drive, Trussville, AL 35173",2022-11-09 18:03:43
Birmingham,AL,35243,"225 Summit Blvd Ste. 100, Birmingham, AL 35243",2022-11-09 18:03:43
Anniston,AL,36206,"5624 Mcclellan Boulevard, Anniston, AL 36206",2022-11-09 18:03:43
Rainbow City,AL,35906,"2905 Rainbow Drive, Rainbow City, AL 35906",2022-11-09 18:03:43
1551 Forestdale Blvd,AL,35214,"1551 Forestdale Blvd, AL 35214",2022-11-09 18:03:43
Birmingham,AL,35235,"1146 Brewster Road, Birmingham, AL 35235",2022-11-09 18:03:43
Birmingham,AL,35233,"420 Richard Arrington Junior Boulevard South, Birmingham, AL 35233",2022-11-09 18:03:43
Trusville,AL,35173,"5800 Valley Rd, Suite 110, Trusville, AL 35173",2022-11-09 18:03:43
Hoover,AL,35216,"3117 Lorna Rd, Hoover, AL 35216",2022-11-09 18:03:43
Bessemer,AL,35023,"821 Allison Bonnett Memorial Dr, Bessemer, AL 35023",2022-11-09 18:03:43
Birmingham,AL,35217,"1521 Pinson Valley Parkway, Birmingham, AL 35217",2022-11-09 18:03:43
Bessemer,AL,35023,"2880 Allison-Bonnett Memorial Dr., Bessemer, AL 35023",2022-11-09 18:03:43
1141 Forestdale Boulevard,AL,35214,"1141 Forestdale Boulevard, AL 35214",2022-11-09 18:03:43
Birmingham,AL,35235,"5029 Pinnacale Square, Birmingham, AL 35235",2022-11-09 18:03:43
Birmingham,AL,35173,"1660 Gadsden Hwy, Birmingham, AL 35173",2022-11-09 18:03:43
Birmingham,AL,35203,"314 17th St N, Birmingham, AL 35203",2022-11-09 18:03:43
Birmingham,AL,35203,"323 20th St N, Birmingham, AL 35203",2022-11-09 18:03:43
Birmingham,AL,35210,"1548 Montclair Rd, Birmingham, AL 35210",2022-11-09 18:03:43
Birmingham,AL,35242,"5291 Valleydale Road, Birmingham, AL 35242",2022-11-09 18:03:43
Pinson,AL,35126,"4655 Center Point Road, Pinson, AL 35126",2022-11-09 18:03:43
Birmingham,AL,35209,"1017 Oxmoor Road, Birmingham, AL 35209",2022-11-09 18:03:43
Alabaster,AL,35007,"125 Colonial Promenade Pkwy, Alabaster, AL 35007",2022-11-09 18:03:43
Homewood,AL,35209,"1831 28th Ave S, Ste N101, Homewood, AL 35209",2022-11-09 18:03:43
Guntersville,AL,35976,"11521 Us Highway 431, Guntersville, AL 35976",2022-11-09 18:03:43
Birmingham,AL,35235,"9325 Parkway E, Birmingham, AL 35235",2022-11-09 18:03:43
Gardendale,AL,35071,"901 Fieldstown Road, Gardendale, AL 35071",2022-11-09 18:03:43
Alexander City,AL,35010,"977 Jefferson St, Alexander City, AL 35010",2022-11-09 18:03:43
Birmingham,AL,35235,"3270 Morrow Rd, Birmingham, AL 35235",2022-11-09 18:03:43
Anniston,AL,36201,"1818 Quintard Avenue, Anniston, AL 36201",2022-11-09 18:03:43
Pelham,AL,35124,"152 Bowling Lane, Pelham, AL 35124",2022-11-09 18:03:43
Alabaster,AL,35007,"2170 Kent Dairy Road, Alabaster, AL 35007",2022-11-09 18:03:43
Alabaster,AL,35007,"300 Colonial Parkway , Suite 100, Alabaster, AL 35007",2022-11-09 18:03:43
Birmingham,AL,35234,"1928 Vanderbilt Road, Birmingham, AL 35234",2022-11-09 18:03:43
Hoover,AL,35244,"3075 John Hawkins Pkwy, D-E, Hoover, AL 35244",2022-11-09 18:03:43
Birmingham,AL,35205,"1000 14th St S, Birmingham, AL 35205",2022-11-09 18:03:43
Alexander City,AL,35010,"4097 U S Highway 280, Alexander City, AL 35010",2022-11-09 18:03:43
Hoover,AL,35244,"2798 John Hawkins Pkwy #108, Hoover, AL 35244",2022-11-09 18:03:43
Bessemer,AL,35020,"3030 Dartmouth Avenue, Bessemer, AL 35020",2022-11-09 18:03:43
Dothan,AL,36301,"3064 Ross Clark Cir, Dothan, AL 36301",2022-11-09 18:03:43
Southside,AL,35907,"1980 Al-77, Southside, AL 35907",2022-11-09 18:03:43
Gardendale,AL,35071,"655 Fieldstown Road , Suite #158, Gardendale, AL 35071",2022-11-09 18:03:43
Helena,AL,35080,"4257 Highway 52 W, Helena, AL 35080",2022-11-09 18:03:43
Dothan,AL,36303,"1368 Westgate Parkway, Dothan, AL 36303",2022-11-09 18:03:43
Birmingham,AL,35233-2105,"707 Richard Arrington Jr Blvd S, Birmingham, AL 35233-2105",2022-11-09 18:03:43
Gadsden,AL,35901,"1001 Rainbow Drive, Gadsden, AL 35901",2022-11-09 18:03:43
Birmingham,AL,35206,"9248 Parkway E, Birmingham, AL 35206",2022-11-09 18:03:43
Dothan,AL,36301,"2203 Ross Clark Circle S. W., Dothan, AL 36301",2022-11-09 18:03:43
Arab,AL,35016,"209 3rd Avenue Northwest, Arab, AL 35016",2022-11-09 18:03:43
Hoover,AL,35216,"1594 Montgomery Hwy, Hoover, AL 35216",2022-11-09 18:03:43
Homewood,AL,35209,"531 Brookwood Village, Homewood, AL 35209",2022-11-09 18:03:43
Vestavia,AL,35243,"3147 Green Valley Rd, Vestavia, AL 35243",2022-11-09 18:03:43
Mountain Brook,AL,35223,"291 Rele Street, Mountain Brook, AL 35223",2022-11-09 18:03:43
Gadsden,AL,35901,"1001 Rainbow Drive, Gadsden, AL 35901",2022-11-09 18:03:43
Fultondale,AL,35068,"1709 Fulton Rd, Fultondale, AL 35068",2022-11-09 18:03:43
Birmingham,AL,35205,"1924 11th Ave S, Birmingham, AL 35205",2022-11-09 18:03:43
Birmingham,AL,35212,"6400 1st Ave N, Birmingham, AL 35212",2022-11-09 18:03:43
Birmingham,AL,35244,"2000 Galleria Circle, Birmingham, AL 35244",2022-11-09 18:03:43
Fultondale,AL,35068,"3387 Lowery Pkwy., Fultondale, AL 35068",2022-11-09 18:03:43
Birmingham,AL,35243,"3431 Colonnade Parkway Ste 400, Birmingham, AL 35243",2022-11-09 18:03:43
Birmingham,AL,35208,"4744 Avenue S, Birmingham, AL 35208",2022-11-09 18:03:43
Bessemer,AL,35022,"740 Academy Drive, Bessemer, AL 35022",2022-11-09 18:03:43
Attalla,AL,35954,"970 Gilbert Ferry Rd Se, Attalla, AL 35954",2022-11-09 18:03:43
PELHAM,AL,35040,"100 Huntley Parkway, PELHAM, AL 35040",2022-11-09 18:03:43
Birmingham,AL,35215,"9400 Parkway E, Birmingham, AL 35215",2022-11-09 18:03:43
Hueytown,AL,35023,"3014 Allison Bonnett Memorial Dr, Hueytown, AL 35023",2022-11-09 18:03:43
Birmingham,AL,35233,"1801 4th Avenue South, Ste 115, Birmingham, AL 35233",2022-11-09 18:03:43
Mobile,AL,36619,"5437 Highway 90 W., Mobile, AL 36619",2022-11-09 18:03:43
Dothan,AL,36301,"3054 Ross Clark Circle Sw, Dothan, AL 36301",2022-11-09 18:03:43
Homewood,AL,35209,"2821 Central Ave, Suite 109, Homewood, AL 35209",2022-11-09 18:03:43
Hoover,AL,35216,"3305 Lorna Rd, Hoover, AL 35216",2022-11-09 18:03:43
Bayou La Batre,AL,36509,"13195 N Wintzell Ave, Bayou La Batre, AL 36509",2022-11-09 18:03:43
Mountain Brook,AL,35243,"2800 Cahaba Village Plz, Mountain Brook, AL 35243",2022-11-09 18:03:43
Birmingham,AL,35205,"1024 20th Street South Unit 101, Birmingham, AL 35205",2022-11-09 18:03:43
Birmingham,AL,35204,"1101 3rd Avenue West, Birmingham, AL 35204",2022-11-09 18:03:43
Hoover,AL,35244,"3049 John Hawkins Parkway, Hoover, AL 35244",2022-11-09 18:03:43
Oxford,AL,36203,"657 Snow St, Oxford, AL 36203",2022-11-09 18:03:43
Alabaster,AL,35007,"100 S. Colonial Dr. #1200, Alabaster, AL 35007",2022-11-09 18:03:43
Vestavia,AL,35216,"1360 Montgomery Hwy, Vestavia, AL 35216",2022-11-09 18:03:43
Hoover,AL,35244,"1028 Marble Terrace , Suite 100, Hoover, AL 35244",2022-11-09 18:03:43
Birmingham,AL,35209,"2835 18th St S, Birmingham, AL 35209",2022-11-09 18:03:43
2700 Riverchase Galleria Ste 110 Birmingham,AL,35244,"2700 Riverchase Galleria Ste 110 Birmingham, AL 35244",2022-11-09 18:03:43
Birmingham,AL,35233,"2124 7th Ave S, Birmingham, AL 35233",2022-11-09 18:03:43
Birmingham,AL,35203,"2260 9th Avenue North, Birmingham, AL 35203",2022-11-09 18:03:43
Birmingham,AL,35243,"2800 Cahaba Village Plz Suite 145, Birmingham, AL 35243",2022-11-09 18:03:43
Bessemer,AL,35022,"4815 Bell Hill Rd, Bessemer, AL 35022",2022-11-09 18:03:43
Birmingham,AL,35233,"612 22nd St S, Birmingham, AL 35233",2022-11-09 18:03:43
1679 Center Point Pkwy,AL,35215,"1679 Center Point Pkwy, AL 35215",2022-11-09 18:03:43
Birmingham,AL,35223,"358 Hollywood Blvd, Birmingham, AL 35223",2022-11-09 18:03:43
Birmingham,AL,35205,"1908 11th Ave S, Birmingham, AL 35205",2022-11-09 18:03:43
Hueytown,AL,35023,"821 Allison Bonnett Memorial Dr, Ste F, Hueytown, AL 35023",2022-11-09 18:03:43
Alabaster,AL,35114,"9200 Highway 17, Alabaster, AL 35114",2022-11-09 18:03:43
Hoover,AL,35216,"3133 Lorna Rd, 112, Hoover, AL 35216",2022-11-09 18:03:43
Anniston,AL,35758,"1829 Quintard Ave, Anniston, AL 35758",2022-11-09 18:03:43
Vestavia Hills,AL,35216,"1360 Montgomery Hwy 128, Vestavia Hills, AL 35216",2022-11-09 18:03:43
Hueytown,AL,35023,"144 River Square Plaza, Hueytown, AL 35023",2022-11-09 18:03:43
Arab,AL,35016,"109 North Main Street, Arab, AL 35016",2022-11-09 18:03:43
Hueytown,AL,35023,"2780 Allison Bonnett Memorial Dr Ste 106, Hueytown, AL 35023",2022-11-09 18:03:43
Guntersville,AL,35976,"Paddle Wheel Drive, Guntersville, AL 35976",2022-11-09 18:03:43
Birmingham,AL,35215,"2400 Center Point Parkway, Birmingham, AL 35215",2022-11-09 18:03:43
Dothan,AL,36301,"3205 S. Oates Street, Dothan, AL 36301",2022-11-09 18:03:43
Dothan,AL,36303,"3456 Ross Clark Circle, Dothan, AL 36303",2022-11-09 18:03:43
Vestavia,AL,35243,"3147 Green Valley Rd, Vestavia, AL 35243",2022-11-09 18:03:43
Hoover,AL,35244,"1845 Montgomery Highway South, Suite 207, Hoover, AL 35244",2022-11-09 18:03:43
Birmingham,AL,35209,"479 Green Springs Hwy, Birmingham, AL 35209",2022-11-09 18:03:43
Alabaster,AL,35007,"681 1st Street South West, Alabaster, AL 35007",2022-11-09 18:03:43
Birmingham,AL,35215,"5123 Pinson Valley Parkway, Birmingham, AL 35215",2022-11-09 18:03:43
Vestavia Hills,AL,35216,"1304 Montgomery Hwy, Vestavia Hills, AL 35216",2022-11-09 18:03:43
Dothan,AL,36301,"2312 S Oates St, Dothan, AL 36301",2022-11-09 18:03:43
ALBERTVILLE,AL,35950,"6181 Us Hwy 431, ALBERTVILLE, AL 35950",2022-11-09 18:03:43
Alexandria,AL,36250,"81 Big Valley Drive, Alexandria, AL 36250",2022-11-09 18:03:43
Bessemer,AL,35023,"5951 Warrior River Road, Bessemer, AL 35023",2022-11-09 18:03:43
nan,AL,35242,"5037 Hwy 280, Suite 101,, Hoover,, AL 35242",2022-11-09 18:03:43
Birmingham,AL,35209,"313 Valley Avenue, Birmingham, AL 35209",2022-11-09 18:03:43
Boaz,AL,35957-5915,"1905 Us Highway 431, Boaz, AL 35957-5915",2022-11-09 18:03:43
Birmingham,AL,35206,"6805 1st Avenue North, Birmingham, AL 35206",2022-11-09 18:03:43
Birmingham,AL,35211,"2802 Lakeshore Parkway, Birmingham, AL 35211",2022-11-09 18:03:43
Birmingham,AL,35242,"180 Inverness Plaza, Birmingham, AL 35242",2022-11-09 18:03:43
Trussville,AL,35235,"1430 Gadsden Hwy Ste 108, Trussville, AL 35235",2022-11-09 18:03:43
Birmingham,AL,35242,"4503 Riverview Pkwy, Birmingham, AL 35242",2022-11-09 18:03:43
Dothan,AL,36301,"3074 Ross Clark Circle, Dothan, AL 36301",2022-11-09 18:03:43
Hoover,AL,35242,"5409 Hwy 280, Hoover, AL 35242",2022-11-09 18:03:43
Hoover,AL,35244,"4441 Creekside Ave, Hoover, AL 35244",2022-11-09 18:03:43
Vestavia Hills,AL,35216,"1066 Montgomery Hwy, Vestavia Hills, AL 35216",2022-11-09 18:03:43
Birmingham,AL,35244,"4330 Creekside Ave, Birmingham, AL 35244",2022-11-09 18:03:43
Calera,AL,35040,"6442 U.S. 31, Calera, AL 35040",2022-11-09 18:03:43
Guntersville,AL,35976,"14232 U.S. 431, Guntersville, AL 35976",2022-11-09 18:03:43
Alabaster,AL,35007,"8919 Highway 119, Alabaster, AL 35007",2022-11-09 18:03:43
Anniston,AL,36201,"401 South Quintard Avenue, Anniston, AL 36201",2022-11-09 18:03:43
Hoover,AL,35244,"2000 Galleria Circle Space No F, Hoover, AL 35244",2022-11-09 18:03:43
BIRMINGHAM,AL,35040,"5705 Chalkville Road, BIRMINGHAM, AL 35040",2022-11-09 18:03:43
Pleasant Grove,AL,35127,"837 Park Rd, Pleasant Grove, AL 35127",2022-11-09 18:03:43
Fultondale,AL,35068,"1725 Fulton Road, Fultondale, AL 35068",2022-11-09 18:03:43
Birmingham,AL,35235,"1865 Pebble Lake Dr, Birmingham, AL 35235",2022-11-09 18:03:43
Fultondale,AL,35068,"357 Walker Chapel Plz, Fultondale, AL 35068",2022-11-09 18:03:43
Birmingham,AL,35205,"1910 11th Avenue South, Birmingham, AL 35205",2022-11-09 18:03:43
Dothan,AL,36303,"560 Westgate Pkwy, Dothan, AL 36303",2022-11-09 18:03:43
Hoover,AL,35226,"755 Shades Mountain Plaza, Hoover, AL 35226",2022-11-09 18:03:43
Sardis City,AL,35956,"1075 Sardis Dr, Sardis City, AL 35956",2022-11-09 18:03:43
Dothan,AL,36303,"900 Commons Dr, Dothan, AL 36303",2022-11-09 18:03:43
Birmingham,AL,35215,"2148 Sweeney Hollow Road, Birmingham, AL 35215",2022-11-09 18:03:43
Mountain Brk,AL,35213,"212 Country Club Park, Mountain Brk, AL 35213",2022-11-09 18:03:43
Rainbow City,AL,35906,"3434 Rainbow Dr, Rainbow City, AL 35906",2022-11-09 18:03:43
Birmingham,AL,35217,"4009 Vanderbilt Road, Birmingham, AL 35217",2022-11-09 18:03:43
Birminham,AL,63112,"1100 Forestdale Blvd., Birminham, AL 63112",2022-11-09 18:03:43
Dothan,AL,36303,"386 North Oates Street, Dothan, AL 36303",2022-11-09 18:03:43
Bessemer,AL,35020,"1601 9th Avenue North, Bessemer, AL 35020",2022-11-09 18:03:43
Hueytown,AL,35023,"2751 Allison-Bonnett Memorial Drive, Hueytown, AL 35023",2022-11-09 18:03:43
Birmingham,AL,35242,"4673 Highway 280, Birmingham, AL 35242",2022-11-09 18:03:43
Albertville,AL,35950,"203 W Mckinney Ave Suite B, Albertville, AL 35950",2022-11-09 18:03:43
Mountain Brook,AL,35213,"2 Dexter Avenue, Mountain Brook, AL 35213",2022-11-09 18:03:43
Hoover,AL,35244,"191 Main St, Hoover, AL 35244",2022-11-09 18:03:43
Birmingham,AL,35205,"2304 10th Ter S, Birmingham, AL 35205",2022-11-09 18:03:43
Boaz,AL,35956,"292 Bryant Road, Boaz, AL 35956",2022-11-09 18:03:43
Birmingham,AL,35209,"180 State Farm Pkwy,, Birmingham, AL 35209",2022-11-09 18:03:43
Hoover,AL,35244,"3780 Riverchase Village , Suite 1000, Hoover, AL 35244",2022-11-09 18:03:43
Hoover,AL,35226,"1960 Braddock Dr., Hoover, AL 35226",2022-11-09 18:03:43
Birmingham,AL,35206,"9256 Parkway East, Birmingham, AL 35206",2022-11-09 18:03:43
Calera,AL,35040,"10874 Alabama 25, Calera, AL 35040",2022-11-09 18:03:43
Homewood,AL,35209,"308 Oxmoor Rd, Homewood, AL 35209",2022-11-09 18:03:43
Birmingham,AL,35215,"2103 Center Point Pkwy, Birmingham, AL 35215",2022-11-09 18:03:43
Birmingham,AL,35243,"103 Summit Blvd., Birmingham, AL 35243",2022-11-09 18:03:43
Birmingham,AL,35209,"341 Palisades Boulevard, Birmingham, AL 35209",2022-11-09 18:03:43
Birmingham,AL,35235,"2050 Gadsden Hwy Suite 108, Birmingham, AL 35235",2022-11-09 18:03:43
Mountain Brook,AL,35223,"2418 Montevallo Road, Mountain Brook, AL 35223",2022-11-09 18:03:43
Homewood,AL,35209,"808 Green Springs Highway, Homewood, AL 35209",2022-11-09 18:03:43
Albertville,AL,35950,"Alabama 75, Albertville, AL 35950",2022-11-09 18:03:43
Birmingham,AL,35216,"3321 Lorna Rd, Birmingham, AL 35216",2022-11-09 18:03:43
Vestavia Hills,AL,35216,"3015 Columbiana Rd, Vestavia Hills, AL 35216",2022-11-09 18:03:43
Ardmore,AL,35739,"29901 Jones Avenue, Ardmore, AL 35739",2022-11-09 18:03:43
Vestavia Hills,AL,35216,"1551 Montgomery Highway, Vestavia Hills, AL 35216",2022-11-09 18:03:43
Bessemer,AL,35022,"757 Academy Dr, Bessemer, AL 35022",2022-11-09 18:03:43
Pelham,AL,35124,"234 Cahaba Valley Rd, Pelham, AL 35124",2022-11-09 18:03:43
Hoover,AL,35244,"1790 Riverchase Drive, Hoover, AL 35244",2022-11-09 18:03:43
Birmingham,AL,35173,"5083 Pinnacle Sq., Birmingham, AL 35173",2022-11-09 18:03:43
Hoover,AL,35216,"1681 Montgomery Hwy, Hoover, AL 35216",2022-11-09 18:03:43
Albertville,AL,35950,"8171 U.S. 431, Albertville, AL 35950",2022-11-09 18:03:43
Birmingham,AL,35209,"2300 Woodcrest Pl, Birmingham, AL 35209",2022-11-09 18:03:43
Ashford,AL,36312,"102 1st Avenue, Ashford, AL 36312",2022-11-09 18:03:43
Bessemer,AL,35020,"932 9th Ave N, Bessemer, AL 35020",2022-11-09 18:03:43
Birmingham,AL,35235,"3220 Morrow Rd, Birmingham, AL 35235",2022-11-09 18:03:43
ALABASTER,AL,35007,"1493 1st Ave N, ALABASTER, AL 35007",2022-11-09 18:03:43
Birmingham,AL,35205,"2236 Highland Ave, Birmingham, AL 35205",2022-11-09 18:03:43
Forestdale,AL,35214,"2480 Palomino Lane, Forestdale, AL 35214",2022-11-09 18:03:43
Birmingham,AL,35208,"1371 Bessemer Road, Birmingham, AL 35208",2022-11-09 18:03:43
Birmingham,AL,35235,"2050 Gadsden Highway, Birmingham, AL 35235",2022-11-09 18:03:43
Vestavia Hills,AL,35216,"1031 Montgomery Highway, Vestavia Hills, AL 35216",2022-11-09 18:03:43
Trussville,AL,35235,"1917 Edwards Lake Road, Trussville, AL 35235",2022-11-09 18:03:43
Oxford,AL,36203,"700 Quintard Drive, FC-1, Oxford, AL 36203",2022-11-09 18:03:43
Birmingham,AL,35209,"1920 29th Ave. S, Birmingham, AL 35209",2022-11-09 18:03:43
Homewood,AL,35209,"3027 Central Ave, Homewood, AL 35209",2022-11-09 18:03:43
Birmingham,AL,35222,"430 41st Street South, Birmingham, AL 35222",2022-11-09 18:03:43
Birmingham,AL,35211,"1515 Pearson Ave Sw, Birmingham, AL 35211",2022-11-09 18:03:43
Mobile,AL,36619,"5405 Highway 90 West Service Road, Mobile, AL 36619",2022-11-09 18:03:43
BIRMINGHAM,AL,35040,"1431 11th Avenue South, BIRMINGHAM, AL 35040",2022-11-09 18:03:43
Albertville,AL,35950,"110 East Main Street, Albertville, AL 35950",2022-11-09 18:03:43
1229 Forestdale Boulevard,AL,35214,"1229 Forestdale Boulevard, AL 35214",2022-11-09 18:03:43
Fultondale,AL,35068,"1709 Fulton Rd, Fultondale, AL 35068",2022-11-09 18:03:43
Hoover,AL,35244,"1851 Montgomery Highway, Hoover, AL 35244",2022-11-09 18:03:43
Birmingham,AL,35216,"3641 Lorna Rd, Birmingham, AL 35216",2022-11-09 18:03:43
Birmingham,AL,35233,"2808 7th Avenue South, Birmingham, AL 35233",2022-11-09 18:03:43
Birmingham,AL,35242,"5363 U.S. 280 Ste B100, Birmingham, AL 35242",2022-11-09 18:03:43
Birmingham,AL,35212,"5831 1st Ave N, Birmingham, AL 35212",2022-11-09 18:03:43
Birmingham,AL,35234,"1928 Vanderbilt Rd, Birmingham, AL 35234",2022-11-09 18:03:43
Birmingham,AL,35242,"101 Resource Center Parkway, Birmingham, AL 35242",2022-11-09 18:03:43
Hoover,AL,35242,"103 Inverness Corners, Hoover, AL 35242",2022-11-09 18:03:43
Birmingham,AL,35243,"The Summit313 Summit Blvd., Birmingham, AL 35243",2022-11-09 18:03:43
3321 Lorna Rd Birmingham AL 35216,3321,Lorna,3321 Lorna Rd Birmingham AL 35216,2022-11-09 18:03:43
Trussville,AL,35235,"1917 Edwards Lake Road, Trussville, AL 35235",2022-11-09 18:03:43
Alabaster,AL,35007,"807 1st Street North, Alabaster, AL 35007",2022-11-09 18:03:43
Adamsville,AL,35214,"2473 Hackworth Rd, Adamsville, AL 35214",2022-11-09 18:03:43
Birmingham,AL,35205,"1017 20th St S, Birmingham, AL 35205",2022-11-09 18:03:43
Jamison,AL,35085,"26600 Highway 31, Jamison, AL 35085",2022-11-09 18:03:43
Birmingham,AL,35216,"1678 Montgomery Highway, Birmingham, AL 35216",2022-11-09 18:03:43
Birmingham,AL,35205,"2608 Highland Avenue, Birmingham, AL 35205",2022-11-09 18:03:43
Birmingham,AL,35215,"2505 Center Point Parkway, Birmingham, AL 35215",2022-11-09 18:03:43
Arab,AL,35016,"759 N Brindlee Mountain Pkwy, Arab, AL 35016",2022-11-09 18:03:43
Homewood,AL,35209,"22 Green Springs Highway, Homewood, AL 35209",2022-11-09 18:03:43
Dothan,AL,36301,"1912 Se Ross Clark Cir, Dothan, AL 36301",2022-11-09 18:03:43
Alabaster,AL,35007,"9940 Hwy 119, Alabaster, AL 35007",2022-11-09 18:03:43
Adamsville,AL,35005,"4814 Main Street, Adamsville, AL 35005",2022-11-09 18:03:43
Birmingham,AL,35242,"4635 Us-280, Birmingham, AL 35242",2022-11-09 18:03:43
Birmingham,AL,35233,"300 20th St S, Birmingham, AL 35233",2022-11-09 18:03:43
Mountain Brook,AL,35213,"64 Church Street, Mountain Brook, AL 35213",2022-11-09 18:03:43
Hoover,AL,35216,"3702 Lorna Road, Hoover, AL 35216",2022-11-09 18:03:43
Hoover,AL,35216,"1539 Montgomery Highway, Hoover, AL 35216",2022-11-09 18:03:43
Birmingham,AL,35214,"1100 Forestdale Boulevard, Birmingham, AL 35214",2022-11-09 18:03:43
Homewood,AL,35209,"1831 28th Ave S, Homewood, AL 35209",2022-11-09 18:03:43
Alabaster,AL,35007,"100 South Colonial Drive , Suite 600, Alabaster, AL 35007",2022-11-09 18:03:43
HELENA,AL,59601,"4685 Highway 17, HELENA, AL 59601",2022-11-09 18:03:43
Birmingham,AL,35243,"3439 Colonnade Parkway, Birmingham, AL 35243",2022-11-09 18:03:43
Gardendale,AL,35071,"550 Fieldstown Rd, Gardendale, AL 35071",2022-11-09 18:03:43
295 Alabaster Blvd,AL,35007,"295 Alabaster Blvd, AL 35007",2022-11-09 18:03:43
Birmingham,AL,35205,"1429 11th Avenue South, Birmingham, AL 35205",2022-11-09 18:03:43
Mountain Brook,AL,35223,"3150 Overton Rd, Mountain Brook, AL 35223",2022-11-09 18:03:43
Mountain Brk,AL,35213,"69 Church St, Mountain Brk, AL 35213",2022-11-09 18:03:43
Birmingham,AL,35209,"215 Lakeshore Parkway, Birmingham, AL 35209",2022-11-09 18:03:43
BIRMINGHAM,AL,35040,"3303 Clairmont Plaza South, BIRMINGHAM, AL 35040",2022-11-09 18:03:43
Birmingham,AL,35204,"610 3rd Avenue West, Birmingham, AL 35204",2022-11-09 18:03:43
Hoover,AL,35226,"5519 Grove Blvd, Hoover, AL 35226",2022-11-09 18:03:43
Gadsen,AL,35901,"1722 Rainbow Drive, Gadsen, AL 35901",2022-11-09 18:03:43
Bessemer,AL,35022,"5040 Academy Lane, Bessemer, AL 35022",2022-11-09 18:03:43
Dothan,AL,36301,"1390 Ross Clark Circle, Dothan, AL 36301",2022-11-09 18:03:43
Birmingham,AL,35204,"1159 Bankhead Highway West, Birmingham, AL 35204",2022-11-09 18:03:43
Gadsden,AL,35903,"91 East Chestnut Street, Gadsden, AL 35903",2022-11-09 18:03:43
Birmingham,AL,35208,"1371 Bessemer Road, Birmingham, AL 35208",2022-11-09 18:03:43
Mobile,AL,36619,"5392 Hwy 90 West, Mobile, AL 36619",2022-11-09 18:03:43
Anniston,AL,36202,"5600 Mccleelan Boulevard, Anniston, AL 36202",2022-11-09 18:03:43
Leeds,AL,35094,"2060 Montevallo Road, Leeds, AL 35094",2022-11-09 18:03:43
Birmingham,AL,35222,"3719 3rd Ave S, Birmingham, AL 35222",2022-11-09 18:03:43
HOMEWOOD,AL,35040,"418 West Valley Avenue, HOMEWOOD, AL 35040",2022-11-09 18:03:43
2152 Pelham Pkwy Unit B,AL,35124,"2152 Pelham Pkwy Unit B, AL 35124",2022-11-09 18:03:43
Hoover,AL,35244,"5219 Peridot Place , Suite 3, Hoover, AL 35244",2022-11-09 18:03:43
Birmingham,AL,35208,"1928 Bessemer Road, Birmingham, AL 35208",2022-11-09 18:03:43
Bessemer,AL,35020,"501 W Town Plz,, Bessemer, AL 35020",2022-11-09 18:03:43
Bessemer,AL,35020,"5904 5th Street South, Bessemer, AL 35020",2022-11-09 18:03:43
Anniston,AL,36201,"2000 Quintard Ave, Anniston, AL 36201",2022-11-09 18:03:43
Birmingham,AL,35224,"1486 Minor Parkway, Birmingham, AL 35224",2022-11-09 18:03:43
Birmingham,AL,35206,"9170 Parkway E, Birmingham, AL 35206",2022-11-09 18:03:43
Vestavia Hills,AL,35216,"601 Montgomery Hwy, Vestavia Hills, AL 35216",2022-11-09 18:03:43
Birmingham,AL,35210,"1545 Montclair Road, Birmingham, AL 35210",2022-11-09 18:03:43
Attalla,AL,35906,"967 Gilberts Ferry Rd, Attalla, AL 35906",2022-11-09 18:03:43
BIRMINGHAM,AL,35218,"1806 Avenue V, BIRMINGHAM, AL 35218",2022-11-09 18:03:43
Bessemer,AL,35020,"560 West Town Plaza, Bessemer, AL 35020",2022-11-09 18:03:43
Vestavia Hills,AL,35243,"4911 Cahaba River Rd, Vestavia Hills, AL 35243",2022-11-09 18:03:43
Homewood,AL,35209,"1920 29th Ave S, Homewood, AL 35209",2022-11-09 18:03:43
Birmingham,AL,35242,"170 Inverness Plaza, Birmingham, AL 35242",2022-11-09 18:03:43
Gadsden,AL,35901,"1414 Rainbow Drive, Gadsden, AL 35901",2022-11-09 18:03:43
Birmingham,AL,35210-3842,"4500 Overton Rd, Birmingham, AL 35210-3842",2022-11-09 18:03:43
Hoover,AL,35244,"4524 Southlake Pkwy, Hoover, AL 35244",2022-11-09 18:03:43
Birmingham,AL,35235,"1465 Gadsden Hwy, Birmingham, AL 35235",2022-11-09 18:03:43
Dothan,AL,36303,"4863 Montgomery Hwy, Dothan, AL 36303",2022-11-09 18:03:43
Montevallo,AL,35115,"728 Main Street, Montevallo, AL 35115",2022-11-09 18:03:43
Calera,AL,35040,"5070 Highway 31, Calera, AL 35040",2022-11-09 18:03:43
Dothan,AL,36303,"3320 Montgomery Hwy, Dothan, AL 36303",2022-11-09 18:03:43
2260 Pelham Pkwy,AL,35124,"2260 Pelham Pkwy, AL 35124",2022-11-09 18:03:43
Irvington,AL,36544,"12495 Padgett Switch Rd, Irvington, AL 36544",2022-11-09 18:03:43
Center Point,AL,35235,"Springs At Trussville Street, Center Point, AL 35235",2022-11-09 18:03:43
Coalburg,AL,35068,"1715 Decatur Highway, Coalburg, AL 35068",2022-11-09 18:03:43
Dothan,AL,36301,"3050 Ross Clark Circle, Dothan, AL 36301",2022-11-09 18:03:43
Birmingham,AL,35243,"200 Summit Blvd., Birmingham, AL 35243",2022-11-09 18:03:43
Albertville,AL,35951,"900 Highland Avenue, Albertville, AL 35951",2022-11-09 18:03:43
Alabaster,AL,35007,"634 1st St Ne, Alabaster, AL 35007",2022-11-09 18:03:43
Pelham,AL,35124,"400 Cahaba Valley Rd, Pelham, AL 35124",2022-11-09 18:03:43
Dothan,AL,36301,"2190 Ross Clark Circle, Dothan, AL 36301",2022-11-09 18:03:43
Birmingham,AL,35204,"541 Graymont Avenue West, Birmingham, AL 35204",2022-11-09 18:03:43
Birmingham,AL,35205,"2012 Magnolia Avenue South R3, Birmingham, AL 35205",2022-11-09 18:03:43
Guntersville,AL,35976,"2200 Gilbreath Street, Guntersville, AL 35976",2022-11-09 18:03:43
Albertville,AL,35950,"7959 Us Hwy 431, Albertville, AL 35950",2022-11-09 18:03:43
Dothan,AL,36303,"3518 Ross Clark Cir, Dothan, AL 36303",2022-11-09 18:03:43
Fairfield,AL,35064,"7201 Aaron Aronov Drive, Fairfield, AL 35064",2022-11-09 18:03:43
231 State Farm Pkwy Suite 101 Homewood,AL,35209,"231 State Farm Pkwy Suite 101 Homewood, AL 35209",2022-11-09 18:03:43
Suite 113 Hoover,AL,35244,"4741 Chace Circle, Suite 113 Hoover, AL 35244",2022-11-09 18:03:43
3314 Pelham Parkway,AL,35124,"3314 Pelham Parkway, AL 35124",2022-11-09 18:03:43
Birmingham,AL,35203,"2301 Richard Arrington Jr Blvd N, Birmingham, AL 35203",2022-11-09 18:03:43
Birmingham,AL,35233,"241 20th Street South, Birmingham, AL 35233",2022-11-09 18:03:43
Birmingham,AL,35243,"14 Perimeter Park Street, Birmingham, AL 35243",2022-11-09 18:03:43
Gadsden,AL,35903,"114 East Meighan Boulevard, Gadsden, AL 35903",2022-11-09 18:03:43
Birminham,AL,75243,"1100 Forestdale Blvd., Birminham, AL 75243",2022-11-09 18:03:43
Birmingham,AL,35203,"824 3rd Ave North, Birmingham, AL 35203",2022-11-09 18:03:43
Alabaster,AL,35007,"466 1st St Sw, Alabaster, AL 35007",2022-11-09 18:03:43
Homewood,AL,35209,"2801 18th Street South, Homewood, AL 35209",2022-11-09 18:03:43
Boaz,AL,35957,"425 S Mccleskey St #544, Boaz, AL 35957",2022-11-09 18:03:43
Dothan,AL,36301,"3255 South Oates Street. Suite 8, Dothan, AL 36301",2022-11-09 18:03:43
Hoover,AL,35226,"2146 Tyler Road, Hoover, AL 35226",2022-11-09 18:03:43
Homewood,AL,35209,"2910 18th Street South, Homewood, AL 35209",2022-11-09 18:03:43
Birmingham,AL,35233,"1801 4th Avenue South, Suite 109, Birmingham, AL 35233",2022-11-09 18:03:43
Albertville,AL,35950,"8171 Us Highway 431, Albertville, AL 35950",2022-11-09 18:03:43
Arab,AL,35016,"1264 North Brindel Parkway, Arab, AL 35016",2022-11-09 18:03:43
Birmingham,AL,35203,"321 20th St N, Birmingham, AL 35203",2022-11-09 18:03:43
Birmingham,AL,35203,"1826 3rd Ave N, Birmingham, AL 35203",2022-11-09 18:03:43
Fultondale,AL,35068,"201 Walker Chapel Rd, Fultondale, AL 35068",2022-11-09 18:03:43
Dothan,AL,36303,"3106 Ross Clark Circle, Dothan, AL 36303",2022-11-09 18:03:43
Dothan,AL,36303,"4440 W Main St Ste 6, Dothan, AL 36303",2022-11-09 18:03:43
Birmingham,AL,35244,"9340 Helena Rd, Birmingham, AL 35244",2022-11-09 18:03:43
Fultondale,AL,35068,"1600 Morris Avenue, Fultondale, AL 35068",2022-11-09 18:03:43
Hoover,AL,35244,"4524 Southlake Parkway, Hoover, AL 35244",2022-11-09 18:03:43
Birmingham,AL,35233,"301 18th Street South, Birmingham, AL 35233",2022-11-09 18:03:43
Birmingham,AL,35210,"1540 Montclair Road, Birmingham, AL 35210",2022-11-09 18:03:43
Dothan,AL,36301,"3430 S Oates St, Dothan, AL 36301",2022-11-09 18:03:43
Center Point,AL,35235,"433 Huffman Rd, Center Point, AL 35235",2022-11-09 18:03:43
Birmingham,AL,35233,"2100 7th Ave S, Birmingham, AL 35233",2022-11-09 18:03:43
Trussville,AL,35173,"4710 Norrell Drive, Trussville, AL 35173",2022-11-09 18:03:43
Birmingham,AL,35216,"3321 Lorna Rd, Birmingham, AL 35216",2022-11-09 18:03:43
Birmingham,AL,35242,"5361 U.S. 280, Birmingham, AL 35242",2022-11-09 18:03:43
Homewood,AL,35209,"1926 29th Avenue South, Homewood, AL 35209",2022-11-09 18:03:43
Trussville,AL,35235,"1917 Edwards Lake Road, Trussville, AL 35235",2022-11-09 18:03:43
RAINBOW CITY,AL,35040,"3403 Rainbow Drive, RAINBOW CITY, AL 35040",2022-11-09 18:03:43
1349 Hueytown Rd,AL,35023,"1349 Hueytown Rd, AL 35023",2022-11-09 18:03:43
Birmingham,AL,35208,"4744 Avenue S, Birmingham, AL 35208",2022-11-09 18:03:43
Albertville,AL,35950,"7343 Us Highway 431, Albertville, AL 35950",2022-11-09 18:03:43
Homewood,AL,35209,"180 Oxmoor Blvd, Homewood, AL 35209",2022-11-09 18:03:43
Bessemer,AL,35020,"1801 Carolina Ave., Bessemer, AL 35020",2022-11-09 18:03:43
Homewood,AL,35209,"1919 28th Ave S, Homewood, AL 35209",2022-11-09 18:03:43
Trussville,AL,35235,"5083 Pinnacle Square, Trussville, AL 35235",2022-11-09 18:03:43
Jacksonville,AL,36265,"1021 Pelham Road South, Jacksonville, AL 36265",2022-11-09 18:03:43
Birmingham,AL,35233,"737 29th Street South, Birmingham, AL 35233",2022-11-09 18:03:43
Birmingham,AL,35210,"5220 Oporto Madrid Blvd S, Birmingham, AL 35210",2022-11-09 18:03:43
3437 Pelham Pkwy,AL,35124,"3437 Pelham Pkwy, AL 35124",2022-11-09 18:03:43
ANNISTON,AL,36206,"2413 Highway 431 North, ANNISTON, AL 36206",2022-11-09 18:03:43
Dothan,AL,36303,"3340 Ross Clark Circle, Dothan, AL 36303",2022-11-09 18:03:43
Birmingham,AL,35209,"109 Wildwood Pkwy, Birmingham, AL 35209",2022-11-09 18:03:43
Birmingham,AL,35203,"2311 Richard Arrington Jr Blvd N # 100, Birmingham, AL 35203",2022-11-09 18:03:43
Birmingham,AL,35214,"1100 Forestdale Blvd, Birmingham, AL 35214",2022-11-09 18:03:43
Anniston,AL,36201,"631 Quintard Ave, Anniston, AL 36201",2022-11-09 18:03:43
Homewood,AL,35209,"251 Summit Parkway, Homewood, AL 35209",2022-11-09 18:03:43
Birmingham,AL,35205,"2125 Highland Ave, Birmingham, AL 35205",2022-11-09 18:03:43
Trussville,AL,35173,"314 Main Street, Trussville, AL 35173",2022-11-09 18:03:43
Anniston,AL,36206,"4004 U.S. 431, Anniston, AL 36206",2022-11-09 18:03:43
Birmingham,AL,35242,"5426 Us-280, Birmingham, AL 35242",2022-11-09 18:03:43
Mobile,AL,36619,"4429 Rangeline Road, Mobile, AL 36619",2022-11-09 18:03:43
Dothan,AL,36301,"1640 Ross Clark Circle, Dothan, AL 36301",2022-11-09 18:03:43
Birmingham,AL,35203,"718 Graymont Avenue North, Birmingham, AL 35203",2022-11-09 18:03:43
Birmingham,AL,35242,"4505 Riverview Parkway, Birmingham, AL 35242",2022-11-09 18:03:43
BIRMINGHAM,AL,35233,"1501 5th Avenue S, BIRMINGHAM, AL 35233",2022-11-09 18:03:43
Gadsden,AL,35903,"354 East Meighan Blvd, Gadsden, AL 35903",2022-11-09 18:03:43
Birmingham,AL,35204,"801 3rd Avenue West, Birmingham, AL 35204",2022-11-09 18:03:43
Albertville,AL,35951,"7300 Hwy 431 North, Albertville, AL 35951",2022-11-09 18:03:43
Hoover,AL,35226,"1990 New Patton Chapel Road, Hoover, AL 35226",2022-11-09 18:03:43
Birmingham,AL,35244,"2000 Galleria Circle, Birmingham, AL 35244",2022-11-09 18:03:43
Gadsden,AL,35903,"510 E Meighan Blvd # 7, Gadsden, AL 35903",2022-11-09 18:03:43
Birmingham,AL,35244,"5184 Caldwell Mill Rd, Birmingham, AL 35244",2022-11-09 18:03:43
Birmingham,AL,35216,"500 Old Town Rd, Birmingham, AL 35216",2022-11-09 18:03:43
Gardendale,AL,35071,"841 Odum Rd Ste 101, Gardendale, AL 35071",2022-11-09 18:03:43
Alabaster,AL,35007,"1114 1st St N, Alabaster, AL 35007",2022-11-09 18:03:43
Homewood,AL,35209,"1831 28th Ave. South Suite 106, Homewood, AL 35209",2022-11-09 18:03:43
Hoover,AL,35226,"5634 Grove Blvd., Hoover, AL 35226",2022-11-09 18:03:43
Gardendale,AL,35071,"838 Odum Road, Gardendale, AL 35071",2022-11-09 18:03:43
Ardmore,AL,35739,"26462 1st St, Ardmore, AL 35739",2022-11-09 18:03:43
Arab,AL,35016,"1143 N Brindlee Mountain Pkwy, Arab, AL 35016",2022-11-09 18:03:43
Birmingham,AL,35244,"2000 Galleria Cir, Birmingham, AL 35244",2022-11-09 18:03:43
Birmingham,AL,35205,"940 20th St South, Birmingham, AL 35205",2022-11-09 18:03:43
McCalla,AL,35022,"4780 Eastern Valley Road, McCalla, AL 35022",2022-11-09 18:03:43
Birmingham,AL,35226,"813 Shades Crest Road, Birmingham, AL 35226",2022-11-09 18:03:43
RAINBOW CITY,AL,35906,"3331 Rainbow Drive, RAINBOW CITY, AL 35906",2022-11-09 18:03:43
Bessemer,AL,35020,"1818 Ninth Avenue North, Bessemer, AL 35020",2022-11-09 18:03:43
Birmingham,AL,35242,"4647 Hwy. 280 S, Birmingham, AL 35242",2022-11-09 18:03:43
Birmingham,AL,35235,"5961 Chalkville Mountain Lane, Birmingham, AL 35235",2022-11-09 18:03:43
Bessemer,AL,35020,"109 19th Street North, Bessemer, AL 35020",2022-11-09 18:03:43
Birmingham,AL,35235,"1820 Gadsden Hwy, Birmingham, AL 35235",2022-11-09 18:03:43
Birmingham,AL,35233,"1801 4th Avenue South, Ste 115, Birmingham, AL 35233",2022-11-09 18:03:43
Birmingham,AL,35235,"5850 Valley Rd #150, Birmingham, AL 35235",2022-11-09 18:03:43
Birmingham,AL,35203,"1821 2nd Avenue North, #120, Birmingham, AL 35203",2022-11-09 18:03:43
2754 Pelham Pkwy,AL,35124,"2754 Pelham Pkwy, AL 35124",2022-11-09 18:03:43
Gadsden,AL,35903,"404 East Meighan Boulevard , Suite 200, Gadsden, AL 35903",2022-11-09 18:03:43
Boaz,AL,35957,"2263 Us Highway 431, Boaz, AL 35957",2022-11-09 18:03:43
Albertville,AL,35950,"8081 Us 431, Albertville, AL 35950",2022-11-09 18:03:43
Calera,AL,35040,"199 Supercenter Drive, Calera, AL 35040",2022-11-09 18:03:43
BESSEMER,AL,35040,"901 9th Avenue North, BESSEMER, AL 35040",2022-11-09 18:03:43
Birmingham,AL,35244-3503,"2341 John Hawkins Pkwy, 119, Birmingham, AL 35244-3503",2022-11-09 18:03:43
Birmingham,AL,35209,"1278 Oak Grove Road, Birmingham, AL 35209",2022-11-09 18:03:43
Fultondale,AL,35068,"3489 Lowery Pkwy, Fultondale, AL 35068",2022-11-09 18:03:43
Birmingham,AL,35208,"4744 Avenue S, Birmingham, AL 35208",2022-11-09 18:03:43
Dothan,AL,36301,"1087 Ross Clark Circle, Dothan, AL 36301",2022-11-09 18:03:43
Bessemer,AL,35020,"1815 9th Ave N, Bessemer, AL 35020",2022-11-09 18:03:43
Birmingham,AL,35205,"1210 20th St S, Birmingham, AL 35205",2022-11-09 18:03:43
Gadsden,AL,35901,"957 West Meighan Boulevard, Gadsden, AL 35901",2022-11-09 18:03:43
Birmingham,AL,35216,"3382 Morgan Dr, Birmingham, AL 35216",2022-11-09 18:03:43
Birmingham,AL,35203,"1821 2nd Avenue North, Birmingham, AL 35203",2022-11-09 18:03:43
Birmingham,AL,35223,"1911 Cahaba Rd, Birmingham, AL 35223",2022-11-09 18:03:43
Helena,AL,35080,"2991 Highway 95, Helena, AL 35080",2022-11-09 18:03:43
Birmingham,AL,35212,"4847 Richard Arrington Junior Boulevard North, Birmingham, AL 35212",2022-11-09 18:03:43
Pinson,AL,35126,"6662 Highway 75, STE 109, Pinson, AL 35126",2022-11-09 18:03:43
Graysville,AL,35073,"1539 S Main St,, Graysville, AL 35073",2022-11-09 18:03:43
BIRMINGHAM,AL,35233,"2733 8th Ave, BIRMINGHAM, AL 35233",2022-11-09 18:03:43
Birmingham,AL,35209,"1278 Oak Grove Road, Birmingham, AL 35209",2022-11-09 18:03:43
Hoover,AL,35244,"4730 Chace Cir, Hoover, AL 35244",2022-11-09 18:03:43
Birmingham,AL,35233,"401 19th St S, Birmingham, AL 35233",2022-11-09 18:03:43
Vestavia Hills,AL,35243,"3160 Cahaba Heights Rd, Vestavia Hills, AL 35243",2022-11-09 18:03:43
Irondale,AL,35210,"4500 Montevallo Rd, Irondale, AL 35210",2022-11-09 18:03:43
Dothan,AL,36303,"3116 Montgomery Hwy, Dothan, AL 36303",2022-11-09 18:03:43
Dothan,AL,36301,"2627 S Oates St, Dothan, AL 36301",2022-11-09 18:03:43
Birmingham,AL,35209,"14 Green Springs Highway, Birmingham, AL 35209",2022-11-09 18:03:43
Bessemer,AL,35023,"3014 Allison-Bonnett Memorial Drive, Bessemer, AL 35023",2022-11-09 18:03:43
Vestavia Hills,AL,35243,"2516 Rocky Ridge Road, Vestavia Hills, AL 35243",2022-11-09 18:03:43
Hueytown,AL,35023,"266 Forest Road, Hueytown, AL 35023",2022-11-09 18:03:43
Birmingham,AL,35233,"2720 7th Ave. S, Birmingham, AL 35233",2022-11-09 18:03:43
Alabaster,AL,35007,"21 Weatherly Club Dr, Alabaster, AL 35007",2022-11-09 18:03:43
Alabaster,AL,35007,"9200 Highway 119, Alabaster, AL 35007",2022-11-09 18:03:43
Birmingham,AL,35235,"1917 Edwards Lake Rd, Birmingham, AL 35235",2022-11-09 18:03:43
Birmingham,AL,35212,"5506 Crestwood Blvd, Birmingham, AL 35212",2022-11-09 18:03:43
Birmingham,AL,35228,"100 Bessemer Super Hwy, Birmingham, AL 35228",2022-11-09 18:03:43
Gadsden,AL,35954,"101 Enterprise Drive, Gadsden, AL 35954",2022-11-09 18:03:43
Fultondale,AL,35068,"1616 Decatur Hwy, Fultondale, AL 35068",2022-11-09 18:03:43
BIRMINGHAM,AL,35215,"1907 Center Point Rd, BIRMINGHAM, AL 35215",2022-11-09 18:03:43
Alabaster,AL,35007,"1231 1st Street North, Alabaster, AL 35007",2022-11-09 18:03:43
Birmingham,AL,35244,"Valleydale Court & Valleydale Road, Birmingham, AL 35244",2022-11-09 18:03:43
Albertiville,AL,35950,"755 Hwy 431, Albertiville, AL 35950",2022-11-09 18:03:43
108 Park Road Corner Of Pleasant Grove Road,AL,35040,"108 Park Road Corner Of Pleasant Grove Road, AL 35040",2022-11-09 18:03:43
Bessemer,AL,35022,"5020 Academy Lane, Bessemer, AL 35022",2022-11-09 18:03:43
Alabaster,AL,35007,"565 1st Street North, Alabaster, AL 35007",2022-11-09 18:03:43
Mountain Brook,AL,35223,"2031 Cahaba Rd, Mountain Brook, AL 35223",2022-11-09 18:03:43
Helena,AL,35080,"30 Coalmont Rd, Helena, AL 35080",2022-11-09 18:03:43
Birmingham,AL,35203,"217 22nd Street North, Birmingham, AL 35203",2022-11-09 18:03:43
Dothan,AL,36301,"2585 Ross Clark Circle, Dothan, AL 36301",2022-11-09 18:03:43
Hoover,AL,35244,"2735 John Hawkins Pkwy, Hoover, AL 35244",2022-11-09 18:03:43
Birmingham,AL,35212,"4201 Richard Arrington Junior Boulevard North, Birmingham, AL 35212",2022-11-09 18:03:43
Albertville,AL,35950,"711 Miller Street, Albertville, AL 35950",2022-11-09 18:03:43
Bessemer,AL,35022,"5060 Academy Lane, Bessemer, AL 35022",2022-11-09 18:03:43
Hueytown,AL,35023,"105 River Square Plz, Hueytown, AL 35023",2022-11-09 18:03:43
Vestavia Hills,AL,35216,"1031 Montgomery Highway Suite 123, Vestavia Hills, AL 35216",2022-11-09 18:03:43
Alabaster,AL,35007,"250 S Colonial Dr, Alabaster, AL 35007",2022-11-09 18:03:43
Birmingham,AL,35233,"2801 7th Ave S, Birmingham, AL 35233",2022-11-09 18:03:43
Birmingham,AL,35233,"611 Richard Arrington Jr Blvd S, Birmingham, AL 35233",2022-11-09 18:03:43
Bessemer,AL,35020,"1924 1st Avenue North, Bessemer, AL 35020",2022-11-09 18:03:43
Birmingham,AL,35203,"2225 2nd Avenue North, Birmingham, AL 35203",2022-11-09 18:03:43
Birmingham,AL,35204,"541-B Graymont Ave, Birmingham, AL 35204",2022-11-09 18:03:43
Gadsden,AL,35904,"101 Taylor Drive, Gadsden, AL 35904",2022-11-09 18:03:43
1725 Broadwell Mill Road Jacksonville,AL,36265,"1725 Broadwell Mill Road Jacksonville, AL 36265",2022-11-09 18:03:43
Homewood,AL,35209,"595 Brookwood Vlg, Homewood, AL 35209",2022-11-09 18:03:43
Birmingham,AL,35215,"1254 Center Point Pkwy, Birmingham, AL 35215",2022-11-09 18:03:43
Birmingham,AL,35205,"1024 20th Street South, 14, Birmingham, AL 35205",2022-11-09 18:03:43
Birmingham,AL,35243,"3660 Grandview Parkway, Birmingham, AL 35243",2022-11-09 18:03:43
Birmingham,AL,35203,"2015 5th Ave N, Birmingham, AL 35203",2022-11-09 18:03:43
Hoover,AL,35244,"1845 Montgomery Hwy South, Hoover, AL 35244",2022-11-09 18:03:43
Homewood,AL,35209-4737,"228 Oxmoor Blvd, Homewood, AL 35209-4737",2022-11-09 18:03:43
Albertville,AL,35950,"7661 U.S. 431 Ste 100, Albertville, AL 35950",2022-11-09 18:03:43
Bessemer,AL,35020,"1920 8th Ave N, Bessemer, AL 35020",2022-11-09 18:03:43
Birmingham,AL,35242,"5299 Valleydale Road, Birmingham, AL 35242",2022-11-09 18:03:43
Ardmore,AL,35739,"27926 Main St, Ardmore, AL 35739",2022-11-09 18:03:43
Bessemer,AL,35020,"1516 9th Avenue North, Bessemer, AL 35020",2022-11-09 18:03:43
Alabaster,AL,35007,"100 South Colonial Drive, Alabaster, AL 35007",2022-11-09 18:03:43
2258 Pelham Pkwy,AL,35124-1376,"2258 Pelham Pkwy, AL 35124-1376",2022-11-09 18:03:43
Birmingham,AL,35243,"3965 Crosshaven Drive, Birmingham, AL 35243",2022-11-09 18:03:43
Hoover,AL,35242,"6401 Tattersall Dr, Hoover, AL 35242",2022-11-09 18:03:43
Birmingham,AL,35203,"1928 1st Avenue North, Birmingham, AL 35203",2022-11-09 18:03:43
Birmingham,AL,35204,"1159 Bankhead Highway West, Birmingham, AL 35204",2022-11-09 18:03:43
Birmingham,AL,35233,"2112 7th Ave South, Birmingham, AL 35233",2022-11-09 18:03:43
Birmingham,AL,35242,"810 Inverness Corners, Birmingham, AL 35242",2022-11-09 18:03:43
Birmingham,AL,35222,"4020 Messer Airport Hwy, Birmingham, AL 35222",2022-11-09 18:03:43
Alabaster,AL,35007,"300 S Colonial Dr, Alabaster, AL 35007",2022-11-09 18:03:43
Birmingham,AL,35235,"5029 Pinnacale Square, Birmingham, AL 35235",2022-11-09 18:03:43
Birmingham,AL,35215,"9332 Parkway East, Birmingham, AL 35215",2022-11-09 18:03:43
Birmingham,AL,35205,"1024 20th Street South Unit 101, Birmingham, AL 35205",2022-11-09 18:03:43
Dothan,AL,36301,"177 Campbellton Hwy, Dothan, AL 36301",2022-11-09 18:03:43
5915 Trussville Crossing Parkway,AL,35173,"5915 Trussville Crossing Parkway, AL 35173",2022-11-09 18:03:43
Oxford,AL,36203,"40 Ali Way, Oxford, AL 36203",2022-11-09 18:03:43
Birmingham,AL,35205,"3020 Clairmont Ave S, Birmingham, AL 35205",2022-11-09 18:03:43
Jacksonville,AL,36265,"702 South Pelham Road, Jacksonville, AL 36265",2022-11-09 18:03:43
Mountain Brook,AL,35223,"2737 Highway 280, Mountain Brook, AL 35223",2022-11-09 18:03:43
Birmingham,AL,35205,"2701 18th Street South, Birmingham, AL 35205",2022-11-09 18:03:43
Birmingham,AL,35209,"282 Palisades Blvd, Birmingham, AL 35209",2022-11-09 18:03:43
Hoover,AL,35244,"3780 Lorna Rd, Hoover, AL 35244",2022-11-09 18:03:43
Birmingham,AL,35214,"1101 Forestdale Blvd, Birmingham, AL 35214",2022-11-09 18:03:43
PINSON,AL,35040,"6665 Highway 75, PINSON, AL 35040",2022-11-09 18:03:43
Birmingham,AL,35203,"104 17th St N, Birmingham, AL 35203",2022-11-09 18:03:43
Brighton,AL,35020,"5204 Bessemer Super Hwy, Brighton, AL 35020",2022-11-09 18:03:43
Irondale,AL,35210,"1680 Montclair Rd , Suite 1100, Irondale, AL 35210",2022-11-09 18:03:43
Homewood,AL,35209,"2907 Central Ave, Homewood, AL 35209",2022-11-09 18:03:43
Birmingham,AL,35233,"1701 1st Avenue South, Birmingham, AL 35233",2022-11-09 18:03:43
Birmingham,AL,35205,"1813 10th Ct S, Birmingham, AL 35205",2022-11-09 18:03:43
Albertville,AL,35950,"525 Baltimore Avenue, Albertville, AL 35950",2022-11-09 18:03:43
2700 Riverchase Galleria Ste 110 Birmingham,AL,35244,"2700 Riverchase Galleria Ste 110 Birmingham, AL 35244",2022-11-09 18:03:43
Alabaster,AL,35007,"7645 Hwy 119, Alabaster, AL 35007",2022-11-09 18:03:43
Birmingham,AL,35210,"4520 Overton Road, Birmingham, AL 35210",2022-11-09 18:03:43
Birmingham,AL,35213,"99 Euclid Ave, Birmingham, AL 35213",2022-11-09 18:03:43
Birmingham,AL,35243,"4133 White Oak Dr, Birmingham, AL 35243",2022-11-09 18:03:43
Birmingham,AL,35210,"1530 Montclair Rd, Birmingham, AL 35210",2022-11-09 18:03:43
Birmingham,AL,35215,"2143 Sweeney Hollow Road, Birmingham, AL 35215",2022-11-09 18:03:43
Hoover,AL,35216,"1535 Montgomery Hwy, Hoover, AL 35216",2022-11-09 18:03:43
102 Birmingham,AL,35222,"400 41st St S, 102 Birmingham, AL 35222",2022-11-09 18:03:43
3321 Lorna Rd Birmingham AL 35216,3321,Lorna,3321 Lorna Rd Birmingham AL 35216,2022-11-09 18:03:43
Birmingham,AL,35204,"1717 Finley Blvd, Birmingham, AL 35204",2022-11-09 18:03:43
Birmingham,AL,35233,"2808 7th Avenue South, Birmingham, AL 35233",2022-11-09 18:03:43
Mountain Brook,AL,35223,"270 Rele St,, Mountain Brook, AL 35223",2022-11-09 18:03:43
Alabaster,AL,35007,"1556 1st Street North, Alabaster, AL 35007",2022-11-09 18:03:43
Midfield,AL,35228,"104 Bessemer Super Highway, Midfield, AL 35228",2022-11-09 18:03:43
Homewood,AL,35209,"2831 19th Street So, Homewood, AL 35209",2022-11-09 18:03:43
Gardendale,AL,35071,"835 Odum Rd #107, Gardendale, AL 35071",2022-11-09 18:03:43
Birmingham,AL,35217,"3833 E Lake Blvd, Birmingham, AL 35217",2022-11-09 18:03:43
Birmingham,AL,35222,"3425 6th Ave S, Birmingham, AL 35222",2022-11-09 18:03:43
Albertville,AL,35950,"7285 Us Hwy 431, Albertville, AL 35950",2022-11-09 18:03:43
Birmingham,AL,35222,"4105 4th Ave S, Birmingham, AL 35222",2022-11-09 18:03:43
Guntersville,AL,35976,"1441 Sunset Drive, Guntersville, AL 35976",2022-11-09 18:03:43
Birmingham,AL,35226,"2142 Tyler Rd, Birmingham, AL 35226",2022-11-09 18:03:43
Oxford,AL,36203,"40 Ali Way, Oxford, AL 36203",2022-11-09 18:03:43
Birmingham,AL,35233,"2720 7th Ave S, Birmingham, AL 35233",2022-11-09 18:03:43
Mobile,AL,36619,"5466 Inn Rd, Mobile, AL 36619",2022-11-09 18:03:43
Birmingham,AL,35233,"113 20th Street South, Birmingham, AL 35233",2022-11-09 18:03:43
Dothan,AL,36303,"4871 Mongtomery Hwy, Dothan, AL 36303",2022-11-09 18:03:43
Irondale,AL,35210,"2504 Crestwood Blvd., Irondale, AL 35210",2022-11-09 18:03:43
Fultondale,AL,35068,"3387 Lowery Parkway, Fultondale, AL 35068",2022-11-09 18:03:43
Pelham,AL,35124,"310 Cahaba Valley Rd, Pelham, AL 35124",2022-11-09 18:03:43
Birmingham,AL,35242,"4500 Valleydale Rd, Birmingham, AL 35242",2022-11-09 18:03:43
Albertville,AL,35950,"6815 Hwy 431 South, Albertville, AL 35950",2022-11-09 18:03:43
Birmingham,AL,35205,"208 Green Springs Avenue South, Birmingham, AL 35205",2022-11-09 18:03:43
Bessemer,AL,35111,"4760 Eastern Valley Road, Bessemer, AL 35111",2022-11-09 18:03:43
Birmingham,AL,35233,"2900 4th Ave S, Birmingham, AL 35233",2022-11-09 18:03:43
Birmingham,AL,35233,"2520 4th Avenue South, Birmingham, AL 35233",2022-11-09 18:03:43
Fultondale,AL,35068,"1709 Fulton Rd, Fultondale, AL 35068",2022-11-09 18:03:43
Birmingham,AL,35233,"308 20th St South , Suite 100, Birmingham, AL 35233",2022-11-09 18:03:43
Hoover,AL,35244,"1851 Montgomery Highway, Hoover, AL 35244",2022-11-09 18:03:43
Hoover,AL,35244,"2780 John Hawkins Parkway, Hoover, AL 35244",2022-11-09 18:03:43
Pelham,AL,35124,"400 Cahaba Valley Rd, Pelham, AL 35124",2022-11-09 18:03:43
Hoover,AL,35244,"191 Main St, Hoover, AL 35244",2022-11-09 18:03:43
Birmingham,AL,35233,"725 29th St S, Birmingham, AL 35233",2022-11-09 18:03:43
Birmingham,AL,35208,"1940 Bessemer Rd, Birmingham, AL 35208",2022-11-09 18:03:43
Bessemer,AL,35022,"4977 Promenade Parkway , Suite 121, Bessemer, AL 35022",2022-11-09 18:03:43
Homewood,AL,35209,"808 Green Springs Hwy, Homewood, AL 35209",2022-11-09 18:03:43
Dothan,AL,36303,"2743 Montgomery Hwy #1010, Dothan, AL 36303",2022-11-09 18:03:43
Hoover,AL,35244,"3032 John Hawkins Pkwy, Hoover, AL 35244",2022-11-09 18:03:43
Hoover,AL,35244,"5192 Caldwell Mill Road Ste. 107, Hoover, AL 35244",2022-11-09 18:03:43
Birmingham,AL,35243,"233 Summit Blvd, Birmingham, AL 35243",2022-11-09 18:03:43
Mountain Brk,AL,35223,"2837 Cahaba Rd, Mountain Brk, AL 35223",2022-11-09 18:03:43
Dothan,AL,36303,"104 Apple Ave Ste 5, Dothan, AL 36303",2022-11-09 18:03:43
Birmingham,AL,35209,"1278 Oak Grove Road, Birmingham, Birmingham, AL 35209",2022-11-09 18:03:43
Dothan,AL,36303,"3320 Montgomery Hwy, Dothan, AL 36303",2022-11-09 18:03:43
Trussville,AL,35173,"7270 Gadsden Highway, Trussville, AL 35173",2022-11-09 18:03:43
Bessemer,AL,35022,"5000 Bond Blvd., Bessemer, AL 35022",2022-11-09 18:03:43
Hoover,AL,35244,"1841 Hwy 31 S Ste 105, Hoover, AL 35244",2022-11-09 18:03:43
Birmingham,AL,35243,"250 Summit Blvd, Birmingham, AL 35243",2022-11-09 18:03:43
Bessemer,AL,35020,"216 19th Street North, Bessemer, AL 35020",2022-11-09 18:03:43
Birmingham,AL,35207,"224 Daniel Payne Drive, Birmingham, AL 35207",2022-11-09 18:03:43
Helena,AL,35080,"29 Lake Davidson Ln, Helena, AL 35080",2022-11-09 18:03:43
BIRMINGHAM,AL,35040,"220 Gadsden Highway Off I-59 At Roebuck Parkway, BIRMINGHAM, AL 35040",2022-11-09 18:03:43
Pinson,AL,35126,"4468 Centerpoint Pkwy, Pinson, AL 35126",2022-11-09 18:03:43
Dothan,AL,36303,"104 Rock Bridge Road , Suite 3, Dothan, AL 36303",2022-11-09 18:03:43
Birmingham,AL,35224,"710 Bank Street, Birmingham, AL 35224",2022-11-09 18:03:43
Birmingham,AL,35213,"225 Country Club Park, Birmingham, AL 35213",2022-11-09 18:03:43
Vestavia Hills,AL,35216,"1030 Montgomery Hwy. South, Vestavia Hills, AL 35216",2022-11-09 18:03:43
2846 Pelham Parkway,AL,35124,"2846 Pelham Parkway, AL 35124",2022-11-09 18:03:43
Birmingham,AL,35243,"3660 Grandview Parkway, Birmingham, AL 35243",2022-11-09 18:03:43
Birmingham,AL,35243,"14 Perimeter Park Street, Birmingham, AL 35243",2022-11-09 18:03:43
Alabaster,AL,35007,"105 South Colonial Dr, Alabaster, AL 35007",2022-11-09 18:03:43
Vestavia Hills,AL,35216,"790 Montgomery Hwy, Vestavia Hills, AL 35216",2022-11-09 18:03:43
Birmingham,AL,35205,"1020 20th St S, Birmingham, AL 35205",2022-11-09 18:03:43
Alabaster,AL,35007,"450 Colonial Promenade Pkwy, Alabaster, AL 35007",2022-11-09 18:03:43
Anniston,AL,36201,"2109 Quintard Ave, Anniston, AL 36201",2022-11-09 18:03:43
Birmingham,AL,35233,"707 Richard Arrington Junior Boulevard South, 103b, Birmingham, AL 35233",2022-11-09 18:03:43
2381 Helena Rd,AL,35080,"2381 Helena Rd, AL 35080",2022-11-09 18:03:43
HUEYTOWN,AL,35023,"2751 Allison Bonnet Memorial Hwy, HUEYTOWN, AL 35023",2022-11-09 18:03:43
Fairfield,AL,35064,"7100 Aaron Aronov Dr., Fairfield, AL 35064",2022-11-09 18:03:43
Birmingham,AL,35214,"1100 Forestdale Boulevard, Birmingham, AL 35214",2022-11-09 18:03:43
BIRMINGHAM,AL,35040,"2228 Bessemer Road, BIRMINGHAM, AL 35040",2022-11-09 18:03:43
Birmingham,AL,35233,"2109 6th Ave S, Birmingham, AL 35233",2022-11-09 18:03:43
Birmingham,AL,35233,"1801 4th Avenue South, Birmingham, AL 35233",2022-11-09 18:03:43
Bessemer,AL,35021,"1800 19th Street, Bessemer, AL 35021",2022-11-09 18:03:43
Birmingham,AL,35242,"4647 Hwy. 280 S, Birmingham, AL 35242",2022-11-09 18:03:43
Alabaster,AL,35007,"9970 Highway 119, Alabaster, AL 35007",2022-11-09 18:03:43
Vestavia,AL,35242,"3215 Endeavor Ln, Vestavia, AL 35242",2022-11-09 18:03:43
Hoover,AL,35244,"Two Chase Corporate Drive , Suite 10, Hoover, AL 35244",2022-11-09 18:03:43
Hoover,AL,35244,"2740 John Hawkins Parkway, Hoover, AL 35244",2022-11-09 18:03:43
Arab,AL,35016,"1012 North Brindle Mountian Parkway, Arab, AL 35016",2022-11-09 18:03:43
TRUSSVILLE,AL,35173,"465 Main Street, TRUSSVILLE, AL 35173",2022-11-09 18:03:43
4476 MontevAL,4476,MontevAL, 4476 MontevAL,2022-11-09 18:03:43
Birmingham,AL,35205,"1024 20th Street South Unit 101, Birmingham, AL 35205",2022-11-09 18:03:43
Center Point,AL,35215,"1600 Huffman Road, Center Point, AL 35215",2022-11-09 18:03:43
Gadsden,AL,35904,"2225 West Meighan Boulevard, Gadsden, AL 35904",2022-11-09 18:03:43
Birmingham,AL,35233,"731 29th St S, Birmingham, AL 35233",2022-11-09 18:03:43
Birmingham,AL,35203,"2820 Richard Arrington Jr Blvd N, Birmingham, AL 35203",2022-11-09 18:03:43
Birmingham,AL,35244,"1948 Montgomery Hwy, Birmingham, AL 35244",2022-11-09 18:03:43
Dothan,AL,36303,"1001 Commons Drive, Dothan, AL 36303",2022-11-09 18:03:43
Mountain Brook,AL,35223,"2721 Cahaba Rd, Mountain Brook, AL 35223",2022-11-09 18:03:43
Gadsden,AL,35901,"1510 Rainbow Drive, Gadsden, AL 35901",2022-11-09 18:03:43
Birmingham,AL,35205,"1024 20th Street South, Unit 101, Birmingham, AL 35205",2022-11-09 18:03:43
Hoover,AL,35244,"2000 Riverchase Galleria, Hoover, AL 35244",2022-11-09 18:03:43
Birmingham,AL,35203,"1801 5th Ave N, Birmingham, AL 35203",2022-11-09 18:03:43
Birmingham,AL,35242,"4503 Riverview Pkwy, Birmingham, AL 35242",2022-11-09 18:03:43
Vestavia,AL,35243,"4704 Cahaba River Rd, Vestavia, AL 35243",2022-11-09 18:03:43
Hoover,AL,35216,"1539 Montgomery Highway, Hoover, AL 35216",2022-11-09 18:03:43
Birmingham,AL,35205,"2000 Highland Ave S, Birmingham, AL 35205",2022-11-09 18:03:43
Birmingham,AL,35204,"2201 4th Place West, Birmingham, AL 35204",2022-11-09 18:03:43
Birmingham,AL,35218,"526 19th Street Ensley, Birmingham, AL 35218",2022-11-09 18:03:43
Dothan,AL,36301,"2190 Ross Clark Circle, Dothan, AL 36301",2022-11-09 18:03:43
Mountain Brook,AL,35213,"81 Church St, Ste 104, Mountain Brook, AL 35213",2022-11-09 18:03:43
Birmingham,AL,35233,"2709 7th Ave S, Birmingham, AL 35233",2022-11-09 18:03:43
Birmingham,AL,35209,"1830 29th Ave S, Birmingham, AL 35209",2022-11-09 18:03:43
Birmingham,AL,35244,"1851 Montgomery Hwy S, Birmingham, AL 35244",2022-11-09 18:03:43
Montevallo,AL,35115,"1241 Valley Street, Montevallo, AL 35115",2022-11-09 18:03:43
Dothan,AL,36301,"123 Tree Crest Rd, Dothan, AL 36301",2022-11-09 18:03:43
Birmingham,AL,35209,"1017 Oxmoor Rd, Birmingham, AL 35209",2022-11-09 18:03:43
Birmingham,AL,35210,"1680 Montclair Rd Suite 400, Birmingham, AL 35210",2022-11-09 18:03:43
Ashford,AL,36312,"1932 Old Hwy 84, Ashford, AL 36312",2022-11-09 18:03:43
Birmingham,AL,35244,"3232 Galleria Cir, Birmingham, AL 35244",2022-11-09 18:03:43
Birmingham,AL,35235,"5881 Trussville Crossings Blvd, Birmingham, AL 35235",2022-11-09 18:03:43
Birmingham,AL,35242,"5426 Hwy 280  Suite 14, Birmingham, AL 35242",2022-11-09 18:03:43
Birmingham,AL,35242,"340 Inverness Corners, Birmingham, AL 35242",2022-11-09 18:03:43
3314 Pelham Parkway,AL,35124,"3314 Pelham Parkway, AL 35124",2022-11-09 18:03:43
Birmingham,AL,35211,"1116 Lomb Avenue, Birmingham, AL 35211",2022-11-09 18:03:43
Oxford,AL,36203,"220 Leon Smith Parkway, Oxford, AL 36203",2022-11-09 18:03:43
Birmingham,AL,35209,"1919 28th Ave S, Birmingham, AL 35209",2022-11-09 18:03:43
Mobile,AL,36619,"4385 Range Line Rd., Mobile, AL 36619",2022-11-09 18:03:43
Homewood,AL,35209,"808 Green Springs Hwy, 140, Homewood, AL 35209",2022-11-09 18:03:43
Birmingham,AL,35173,"5083 Pinnacle Sq., Birmingham, AL 35173",2022-11-09 18:03:43
Birmingham,AL,35203,"1821 2nd Avenue North, Birmingham, AL 35203",2022-11-09 18:03:43
Birmingham,AL,35244,"5816 Lake Cyrus Blvd, Birmingham, AL 35244",2022-11-09 18:03:43
Vestavia Hills,AL,35242,"11967 Liberty Pkwy, Vestavia Hills, AL 35242",2022-11-09 18:03:43
209 41st St S Birmingham,AL,nan," 209 41st St S Birmingham, AL",2022-11-09 18:03:43
Birmingham,AL,35218,"400 19th Street Ensley, Birmingham, AL 35218",2022-11-09 18:03:43
Bessemer,AL,35022,"5040 Academy Lane, Bessemer, AL 35022",2022-11-09 18:03:43
Tillmans Corner,AL,36619,"5000 Rangeline Crossing Drive South, Suite G, Tillmans Corner, AL 36619",2022-11-09 18:03:43
Birmingham,AL,35209,"585 Brookwood Village, Birmingham, AL 35209",2022-11-09 18:03:43
Birmingham,AL,35205,"1024 20th Street South, Birmingham, AL 35205",2022-11-09 18:03:43
Birmingham,AL,35233,"2208 6th Avenue South, Birmingham, AL 35233",2022-11-09 18:03:43
Mobile,AL,36619,"4419 Rangline Rd., Mobile, AL 36619",2022-11-09 18:03:43
Birmingham,AL,35243,"329 Summit Blvd, Birmingham, AL 35243",2022-11-09 18:03:43
Birmingham,AL,35203,"120 19th St N , Birmingham, AL 35203",2022-11-09 18:03:43
Birmingham,AL,35233,"1801 4th Ave S, 115, Birmingham, AL 35233",2022-11-09 18:03:43
Birmingham,AL,35215,"2346 Center Point Pkwy, Birmingham, AL 35215",2022-11-09 18:03:43
Dothan,AL,36303,"3400 Montgomery Hwy, Dothan, AL 36303",2022-11-09 18:03:43
Birmingham,AL,35215,"2400 Center Point Parkway, Birmingham, AL 35215",2022-11-09 18:03:43
Hoover,AL,35244,"3780 Riverchase Village Ste. 110, Hoover, AL 35244",2022-11-09 18:03:43
Dothan,AL,36301,"1865 E Main St, Dothan, AL 36301",2022-11-09 18:03:43
Birmingham,AL,35233-1944,"1801 4th Ave S, Birmingham, AL 35233-1944",2022-11-09 18:03:43
Alabaster,AL,35007,"470 Colonial Promenade Pkwy, Alabaster, AL 35007",2022-11-09 18:03:43
Birmingham,AL,35223,"4673 Hwy 280, Birmingham, AL 35223",2022-11-09 18:03:43
Hoover,AL,35226,"5519 Grove Blvd #137, Hoover, AL 35226",2022-11-09 18:03:43
Alabaster,AL,35007,"630 1st Street North, Alabaster, AL 35007",2022-11-09 18:03:43
Alabaster,AL,35007,"149 Buck Creek Plaza, Alabaster, AL 35007",2022-11-09 18:03:43
Attalla,AL,35954,"500 Cherry St, Attalla, AL 35954",2022-11-09 18:03:43
Dothan,AL,36301,"1905 East Main Street, Dothan, AL 36301",2022-11-09 18:03:43
Birmingham,AL,35210,"7718 Crestwood Boulevard, Birmingham, AL 35210",2022-11-09 18:03:43
Hoover,AL,35244,"4741 Chace Circle Ste 105, Hoover, AL 35244",2022-11-09 18:03:43
Bessemer,AL,35022,"4933 Promenade Pkwy. Ste. 133, Bessemer, AL 35022",2022-11-09 18:03:43
Birmingham,AL,35210,"2145 Bessemer Rd, Birmingham, AL 35210",2022-11-09 18:03:43
Birmingham,AL,35216,"700 Montgomery Hwy, Birmingham, AL 35216",2022-11-09 18:03:43
Birmingham,AL,35223,"2727 Highway 280, Birmingham, AL 35223",2022-11-09 18:03:43
Calera,AL,35040,"101 Super Center Drive, Calera, AL 35040",2022-11-09 18:03:43
2432 Helena Rd,AL,35080,"2432 Helena Rd, AL 35080",2022-11-09 18:03:43
Birmingham,AL,35233,"1801 4th Avenue South, Birmingham, AL 35233",2022-11-09 18:03:43
Birmingham,AL,35218,"2017 Avenue F, Birmingham, AL 35218",2022-11-09 18:03:43
Albertville,AL,35950,"7921 Us Highway 431, Albertville, AL 35950",2022-11-09 18:03:43
Birmingham,AL,35203,"715 18th St N, Birmingham, AL 35203",2022-11-09 18:03:43
Birmingham,AL,35233,"2016 5th Ave S, Birmingham, AL 35233",2022-11-09 18:03:43
2296 Pelham Parkway,AL,35124,"2296 Pelham Parkway, AL 35124",2022-11-09 18:03:43
Birmingham,AL,35209,"2902 18th St S, Birmingham, AL 35209",2022-11-09 18:03:43
Hoover,AL,35244,"Riverchase Galleria & Montgomery Highway South, Hoover, AL 35244",2022-11-09 18:03:43
Anniston,AL,36206,"5630 Mcclellan Boulevard, Anniston, AL 36206",2022-11-09 18:03:43
Vestavia Hills,AL,35243,"2419 Acton Rd, Vestavia Hills, AL 35243",2022-11-09 18:03:43
Midfield,AL,35228,"1429 Woodward Road, Midfield, AL 35228",2022-11-09 18:03:43
Homewood,AL,35209,"195 Vulcan Road , Homewood, AL 35209",2022-11-09 18:03:43
Bessemer,AL,35023,"3044 Allison-Bonnett Memorial Drive, Bessemer, AL 35023",2022-11-09 18:03:43
Birmingham,AL,35203,"1905 Park Place, Birmingham, AL 35203",2022-11-09 18:03:43
Birmingham,AL,35204,"344 Finley Avenue West, Birmingham, AL 35204",2022-11-09 18:03:43
Birmingham,AL,35235,"5975 Service Road (Trussville), Birmingham, AL 35235",2022-11-09 18:03:43
Birmingham,AL,35233,"1a 20th Street South, Birmingham, AL 35233",2022-11-09 18:03:43
Birmingham,AL,35205,"10 6th Avenue South, Birmingham, AL 35205",2022-11-09 18:03:43
Anniston,AL,36206,"5430 Mcclellan Blvd, Anniston, AL 36206",2022-11-09 18:03:43
Alabaster,AL,35007,"478 1st Street Sw, Alabaster, AL 35007",2022-11-09 18:03:43
Dothan,AL,36305,"3835 West Main Street, Dothan, AL 36305",2022-11-09 18:03:43
Trussville,AL,35173,"445 Main St, 121, Trussville, AL 35173",2022-11-09 18:03:43
Hoover,AL,35216,"1694 Montgomery Hwy, Hoover, AL 35216",2022-11-09 18:03:43
ALABASTER,AL,35040,"520 Highway 119, ALABASTER, AL 35040",2022-11-09 18:03:43
Birmingham,AL,35205,"1918 11th Ave S, Birmingham, AL 35205",2022-11-09 18:03:43
4689 Pinson Blvd,AL,35126,"4689 Pinson Blvd, AL 35126",2022-11-09 18:03:43
1845 Center Point Pkwy,AL,35215,"1845 Center Point Pkwy, AL 35215",2022-11-09 18:03:43
Homewood,AL,35209,"213 State Farm Pkwy, Homewood, AL 35209",2022-11-09 18:03:43
Albertville,AL,35950,"7155 Us Highway 431, Albertville, AL 35950",2022-11-09 18:03:43
Arab,AL,35016,"2423 Old Huntsville Highway, Arab, AL 35016",2022-11-09 18:03:43
Birmingham,AL,35208,"2451 Crossplex Blvd, Birmingham, AL 35208",2022-11-09 18:03:43
BESSEMER,AL,35040,"4736 Ea, STERN VALLEY ROAD, BESSEMER, AL 35040",2022-11-09 18:03:43
Bessemer,AL,35022,"5000 Bond Blvd, Bessemer, AL 35022",2022-11-09 18:03:43
Birmingham,AL,35242,"5231 Highway 280 South, Birmingham, AL 35242",2022-11-09 18:03:43
Birmingham,AL,35214,"1428 Forestdale Blvd, Birmingham, AL 35214",2022-11-09 18:03:43
Dothan,AL,36303,"2371 Murphy Mill Rd Ste 6, Dothan, AL 36303",2022-11-09 18:03:43
Birmingham,AL,35233,"219 29th St S, Birmingham, AL 35233",2022-11-09 18:03:43
Alabaster,AL,35007,"200 1st Street South, Alabaster, AL 35007",2022-11-09 18:03:43
Dothan,AL,36303,"1774 Montgomery Hwy, Dothan, AL 36303",2022-11-09 18:03:43
Birmingham,AL,35207,"224 Daniel Payne Drive N, Birmingham, AL 35207",2022-11-09 18:03:43
Homewood,AL,35209,"191 W Valley Ave, 108, Homewood, AL 35209",2022-11-09 18:03:43
Birmingham,AL,35233,"1400 University Blvd, Birmingham, AL 35233",2022-11-09 18:03:43
Dothan,AL,36303,"3320 Montgomery Hwy, Dothan, AL 36303",2022-11-09 18:03:43
Dothan,AL,36301,"3371 S. Oates Street, Dothan, AL 36301",2022-11-09 18:03:43
Hoover,AL,35242,"101 Inverness Cors, Hoover, AL 35242",2022-11-09 18:03:43
Anniston,AL,36201,"3234 Mcclellan Blvd., Anniston, AL 36201",2022-11-09 18:03:43
Birmingham,AL,35205,"1901 11th Ave S, Birmingham, AL 35205",2022-11-09 18:03:43
Birmingham,AL,35222,"3310 Clairmont Ave S, Birmingham, AL 35222",2022-11-09 18:03:43
Birmingham,AL,35203,"2301 Richard Arrington Jr Blvd North, 100, Birmingham, AL 35203",2022-11-09 18:03:43
Birmingham,AL,35210,"7724 Ludington Lane, Birmingham, AL 35210",2022-11-09 18:03:43
Birmingham,AL,35203,"2218 2nd Avenue North, Birmingham, AL 35203",2022-11-09 18:03:43
Birmingham,AL,35243,"14 Perimeter Park South, Birmingham, AL 35243",2022-11-09 18:03:43
Birmingham,AL,35222,"3811 Clairmont Ave S, Birmingham, AL 35222",2022-11-09 18:03:43
Hoover,AL,35244,"2943 John Hawkins Parkway, Hoover, AL 35244",2022-11-09 18:03:43
Homewood,AL,35209,"3000 19th St S, Homewood, AL 35209",2022-11-09 18:03:43
Birmingham,AL,35235,"5614 Chalkville Mountain Road, Birmingham, AL 35235",2022-11-09 18:03:43
Irvington,AL,36544,"8175 Hwy 90 West, Irvington, AL 36544",2022-11-09 18:03:43
Anniston,AL,36201,"1925 Quintard Ave, Anniston, AL 36201",2022-11-09 18:03:43
Arab,AL,35016,"111 N Brindlee Mountain Pkwy, Arab, AL 35016",2022-11-09 18:03:43
BIRMINGHAM,AL,35209,"124 Green Springs Hwy., BIRMINGHAM, AL 35209",2022-11-09 18:03:43
Hoover,AL,35244,"5190 Medford Drive, 114, Hoover, AL 35244",2022-11-09 18:03:43
Birmingham,AL,35209,"706 Valley Ave, Birmingham, AL 35209",2022-11-09 18:03:43
Dothan,AL,36303,"3182 Montgomery Highway, Dothan, AL 36303",2022-11-09 18:03:43
Hoover,AL,35244,"4351 Creekside Ave., Hoover, AL 35244",2022-11-09 18:03:43
Attalla,AL,35954,"973 Gilbert Ferry Rd., Attalla, AL 35954",2022-11-09 18:03:43
Birmingham,AL,35203,"113 20th St N, Birmingham, AL 35203",2022-11-09 18:03:43
Birmingham,AL,35235,"1820 Gadsden Hwy, Birmingham, AL 35235",2022-11-09 18:03:43
Birmingham,AL,35242,"5243 Highway 280, Birmingham, AL 35242",2022-11-09 18:03:43
Birmingham,AL,35210,"7001 Crestwood Blvd, Birmingham, AL 35210",2022-11-09 18:03:43
Dothan,AL,36305,"3835 West Main Street, #5, Dothan, AL 36305",2022-11-09 18:03:43
Ardmore,AL,35739,"26462 1st St, Ardmore, AL 35739",2022-11-09 18:03:43
Hoover,AL,35244,"1051 Amber Drive , Suite 100, Hoover, AL 35244",2022-11-09 18:03:43
Birmingham,AL,35244,"2000 Galleria Circle, Birmingham, AL 35244",2022-11-09 18:03:43
Birmingham,AL,35233,"16 14th Street South, Birmingham, AL 35233",2022-11-09 18:03:43
Birmingham,AL,35210,"7748 Crestwood Boulevard, Birmingham, AL 35210",2022-11-09 18:03:43
Pelham,AL,35124,"400 Cahaba Valley Rd, Pelham, AL 35124",2022-11-09 18:03:43
Gadsden,AL,35901,"825 Rainbow Drive, Gadsden, AL 35901",2022-11-09 18:03:43
Birmingham,AL,35235,"1654 Gadsden Highway, Birmingham, AL 35235",2022-11-09 18:03:43
Albertville,AL,35950,"7398 Us Highway 431, Albertville, AL 35950",2022-11-09 18:03:43
ARAB,AL,35016,"1204 N. Brindlee Mountain Pkwy., ARAB, AL 35016",2022-11-09 18:03:43
